Time	Temp	CO	O3	SO2	NO2	PM1	PM2.5	PM10	Humidity	Latitude	Longitude	Altitude	Speed	Climb	Heading	EPS	EPX	EPV	EPT	BATV	BATI	BATP	SOLV	SOLI	SOLP
Time	Temp	CO	O3	SO2	NO2	PM1	PM2.5	PM10	Humidity	Latitude	Longitude	Altitude	Speed	Climb	Heading	EPS	EPX	EPV	EPT	BATV	BATI	BATP	SOLV	SOLI	SOLP
Time	Temp	CO	O3	SO2	NO2	PM1	PM2.5	PM10	Humidity	Latitude	Longitude	Altitude	Speed	Climb	Heading	EPS	EPX	EPV	EPT	BATV	BATI	BATP	SOLV	SOLI	SOLP
Time	Temp	CO	O3	SO2	NO2	PM1	PM2.5	PM10	Humidity	Latitude	Longitude	Altitude	Speed	Climb	Heading	EPS	EPX	EPV	EPT	BATV	BATI	BATP	SOLV	SOLI	SOLP
Time	Temp	CO	O3	SO2	NO2	PM1	PM2.5	PM10	Humidity	Latitude	Longitude	Altitude	Speed	Climb	Heading	EPS	EPX	EPV	EPT	BATV	BATI	BATP	SOLV	SOLI	SOLP
Time	Temp	CO	O3	SO2	NO2	PM1	PM2.5	PM10	Humidity	Latitude	Longitude	Altitude	Speed	Climb	Heading	EPS	EPX	EPV	EPT	BATV	BATI	BATP	SOLV	SOLI	SOLP
2016-03-18 00:51:53.367845	20.7717	1.35480586412	1.29337883076	0.178723486923	0.355514397721	2.9858755388323277	10.241076343344798	13.955717816838838	58.8727	24.486289	54.353442	30	0	0	0	0	0	0	0	8.464	0	0	7.428	-1	0
2016-03-18 01:21:55.749565	20.6645	1.35480383663	1.29337718826	0.178722863339	0.355513999476	3.23432708050687	11.14198890852259	15.090378649653854	58.9033	24.486289	54.353442	30	0	0	0	0	0	0	0	8.464	0	0	4.356	-1	0
2016-03-18 01:51:57.985592	20.6109	1.3548017524	1.29337581196	0.178722491748	0.355513974599	3.441268598575536	11.845043926858832	16.246416121501163	59.2466	24.486289	54.353442	30	0	0	0	0	0	0	0	8.464	0	0	6.404	-1	0
2016-03-18 02:22:00.212497	20.3213	1.35479968139	1.29337415285	0.178721727183	0.355513602576	3.6165534625905655	12.429211526008617	17.126354848264416	60.1545	24.486289	54.353442	30	0	0	0	0	0	0	0	7.44	0	0	7.428	-1	0
2016-03-18 02:52:01.511861	20.4393	1.35479864762	1.29337334107	0.178721469878	0.35551360491	3.6876006181030387	12.597691718508205	17.171708716345293	59.8722	24.486289	54.353442	30	0	0	0	0	0	0	0	8.464	0	0	4.356	-1	0
2016-03-18 03:22:03.725028	20.1926	1.35479677971	1.29337200198	0.178721096892	0.355513384372	3.732557885579908	12.809119731672054	17.556535089737906	60.5512	24.486289	54.353442	30	0	0	0	0	0	0	0	7.44	0	0	5.38	0	0
2016-03-18 03:52:05.638701	20.0639	1.35479463858	1.29337040946	0.178720275881	0.355513206504	3.67846044321356	12.656072869434666	17.21928364170531	60.6122	24.486289	54.353442	30	0	0	0	0	0	0	0	7.44	0	0	3.332	-1	0
2016-03-18 04:22:07.500735	19.8923	1.3547927157	1.29336889015	0.178719626047	0.35551292602	3.5403464351130025	12.13580609670946	16.45079253202351	60.9708	24.486289	54.353442	30	0	0	0	0	0	0	0	8.464	0	0	7.428	0	0
2016-03-18 04:52:09.506908	19.8923	1.35479105605	1.29336763721	0.178719191299	0.355512870125	3.343349754458164	11.441429136422748	15.799458723124584	60.7877	24.486289	54.353442	30	0	0	0	0	0	0	0	8.464	0	0	4.356	-1	0
2016-03-18 05:22:10.812259	19.8816	1.35478982019	1.29336667623	0.178718948078	0.355512851424	3.1031477397578957	10.532429414947917	14.29824328369682	60.6885	24.486289	54.353442	30	0	0	0	0	0	0	0	7.44	0	0	6.404	0	0
2016-03-18 05:52:12.013401	19.7958	1.35478858536	1.29336581777	0.178718888118	0.355512864184	2.8544216192156604	9.669080449984623	12.900318373942516	60.9632	24.486289	54.353442	30	0	0	0	0	0	0	0	8.464	0	0	4.356	-1	0
2016-03-18 06:22:14.377340	19.8065	1.35478696386	1.29336460183	0.178718714415	0.355512772961	2.5466598042533177	8.484384345867433	11.406998135138474	60.7114	24.486289	54.353442	30	0	0	0	0	0	0	0	7.44	0	0	8.452	0	0
2016-03-18 06:52:16.446689	19.7529	1.35478567905	1.29336367666	0.178718458219	0.355512857669	2.2774521638054614	7.453527336282603	9.80969516160393	60.925	24.486289	54.353442	30	0	0	0	0	0	0	0	8.464	0	0	7.428	0	0
2016-03-18 07:22:18.437502	20.0103	1.35478582608	1.29336360746	0.178718823955	0.355513012865	2.125627909576523	6.91541469766259	9.129666297087113	60.0934	24.486289	54.353442	30	0	0	0	0	0	0	0	8.464	0	0	6.404	0	0
2016-03-18 07:52:19.607215	19.8494	1.35478571019	1.2933636502	0.178719313491	0.355513209254	1.981056124126127	6.344285902057148	8.465960578749291	60.3757	24.486289	54.353442	30	0	0	0	0	0	0	0	8.464	0	0	6.404	-1	0
2016-03-18 08:22:21.947095	19.8387	1.35478415674	1.29336237153	0.178718752367	0.355512883265	1.9153158611838939	6.054106040081974	7.824211382901149	60.2308	24.486289	54.353442	30	0	0	0	0	0	0	0	7.44	0	0	5.38	0	0
2016-03-18 08:52:23.947181	19.8279	1.35478336426	1.29336195345	0.178718529063	0.355512953825	1.8332809175487106	5.798517965671759	7.6701266705725715	60.2079	24.486289	54.353442	30	0	0	0	0	0	0	0	8.464	0	0	5.38	-1	0
2016-03-18 09:22:26.085390	19.8601	1.35478243619	1.29336123625	0.178718303861	0.355512829973	1.858183158993545	5.883203337604574	7.639605709597842	60.1011	24.486289	54.353442	30	0	0	0	0	0	0	0	7.44	0	0	4.356	-1	0
2016-03-18 09:52:27.283353	19.9137	1.35478247032	1.29336114314	0.178718915732	0.355513083223	1.9026562766683428	6.238606667747695	8.458811411748352	59.773	24.486289	54.353442	30	0	0	0	0	0	0	0	7.44	0	0	4.356	-1	0
2016-03-18 10:22:28.562727	19.9459	1.35478222096	1.29336099955	0.178719194802	0.355513136558	1.917683288598184	6.296097457276744	8.701760945193255	59.5441	24.486289	54.353442	30	0	0	0	0	0	0	0	7.44	0	0	5.38	-1	0
Time	Temp	CO	O3	SO2	NO2	PM1	PM2.5	PM10	Humidity	Latitude	Longitude	Altitude	Speed	Climb	Heading	EPS	EPX	EPV	EPT	BATV	BATI	BATP	SOLV	SOLI	SOLP
Time	Temp	CO	O3	SO2	NO2	PM1	PM2.5	PM10	Humidity	Latitude	Longitude	Altitude	Speed	Climb	Heading	EPS	EPX	EPV	EPT	BATV	BATI	BATP	SOLV	SOLI	SOLP
Time	Temp	CO	O3	SO2	NO2	PM1	PM2.5	PM10	Humidity	Latitude	Longitude	Altitude	Speed	Climb	Heading	EPS	EPX	EPV	EPT	BATV	BATI	BATP	SOLV	SOLI	SOLP
Time	Temp	CO	O3	SO2	NO2	PM1	PM2.5	PM10	Humidity	Latitude	Longitude	Altitude	Speed	Climb	Heading	EPS	EPX	EPV	EPT	BATV	BATI	BATP	SOLV	SOLI	SOLP
Time	Temp	CO	O3	SO2	NO2	PM1	PM2.5	PM10	Humidity	Latitude	Longitude	Altitude	Speed	Climb	Heading	EPS	EPX	EPV	EPT	BATV	BATI	BATP	SOLV	SOLI	SOLP
Time	Temp	CO	O3	SO2	NO2	PM1	PM2.5	PM10	Humidity	Latitude	Longitude	Altitude	Speed	Climb	Heading	EPS	EPX	EPV	EPT	BATV	BATI	BATP	SOLV	SOLI	SOLP
Time	Temp	CO	O3	SO2	NO2	PM1	PM2.5	PM10	Humidity	Latitude	Longitude	Altitude	Speed	Climb	Heading	EPS	EPX	EPV	EPT	BATV	BATI	BATP	SOLV	SOLI	SOLP
Time	Temp	CO	O3	SO2	NO2	PM1	PM2.5	PM10	Humidity	Latitude	Longitude	Altitude	Speed	Climb	Heading	EPS	EPX	EPV	EPT	BATV	BATI	BATP	SOLV	SOLI	SOLP
Time	Temp	CO	O3	SO2	NO2	PM1	PM2.5	PM10	Humidity	Latitude	Longitude	Altitude	Speed	Climb	Heading	EPS	EPX	EPV	EPT	BATV	BATI	BATP	SOLV	SOLI	SOLP
2016-03-26 17:18:31.334091	20.7932	1.35494481125	1.29348312965	0.178767693795	0.355529468433	0.5249783050828647	1.074758857014354	1.5692558193277377	57.8885	24.486289	54.353442	30	0	0	0	0	0	0	0	5.392	0	0	25.868	-1	0
2016-03-26 17:48:33.021280	20.9112	1.35494636978	1.29348427269	0.178768730986	0.355529863691	0.5116657369406818	1.0481459759037905	1.2950456816783047	57.3316	24.486289	54.353442	30	0	0	0	0	0	0	0	5.392	0	0	23.82	-1	0
2016-03-26 18:18:34.313080	20.9648	1.35494687838	1.29348464582	0.17876913763	0.355530042734	0.5280609175309174	1.0473484594587217	1.3042280025873954	57.4384	24.486289	54.353442	30	0	0	0	0	0	0	0	4.368	0	0	25.868	-1	0
2016-03-26 18:48:36.561838	20.9862	1.35494689331	1.29348467374	0.178769319233	0.355530065972	0.5441076928910991	1.061266591180968	1.3164710393223737	57.0188	24.486289	54.353442	30	0	0	0	0	0	0	0	5.392	0	0	24.844	-1	0
2016-03-26 19:18:38.181099	20.9862	1.35494693394	1.29348467067	0.178769371221	0.355530128097	0.5445951130834004	1.0548829103645618	1.4690043623142115	57.8962	24.486289	54.353442	30	0	0	0	0	0	0	0	4.368	0	0	25.868	-1	0
2016-03-26 19:48:40.541700	20.9862	1.35494705648	1.29348477904	0.178769418991	0.355530163273	0.5665563251382324	1.0500566221927927	1.3031440362907374	58.0488	24.486289	54.353442	30	0	0	0	0	0	0	0	5.392	0	0	25.868	-1	0
2016-03-26 20:18:42.562978	21.0184	1.35494709534	1.29348479593	0.17876945634	0.35553018012	0.5807979257788355	1.056038398273598	1.2757148740581683	57.9496	24.486289	54.353442	30	0	0	0	0	0	0	0	5.392	0	0	25.868	-1	0
2016-03-26 20:48:44.895182	20.997	1.35494706664	1.29348482207	0.178769572834	0.355530198686	0.5695214568796553	1.0671584796102553	1.3443492102146501	58.0564	24.486289	54.353442	30	0	0	0	0	0	0	0	5.392	0	0	27.916	-1	0
2016-03-26 21:18:46.158411	20.9219	1.35494671185	1.29348450263	0.178769274099	0.355530145943	0.5802309207017117	1.107577131963235	1.3253557050585483	57.736	24.486289	54.353442	30	0	0	0	0	0	0	0	5.392	0	0	26.892	-1	0
2016-03-26 21:48:48.479784	20.6645	1.35494564127	1.29348371952	0.178768586183	0.355529898696	0.5313719450964554	1.0267487556050867	1.4502822028462	58.3616	24.486289	54.353442	30	0	0	0	0	0	0	0	5.392	0	0	27.916	-1	0
2016-03-26 22:18:50.912082	20.6001	1.35494481619	1.2934831181	0.178768166604	0.355529713017	0.52664873474929	0.9974634030587051	1.2618273721413644	58.7354	24.486289	54.353442	30	0	0	0	0	0	0	0	5.392	0	0	27.916	-1	0
2016-03-26 22:48:52.369288	20.7825	1.35494501367	1.29348321477	0.178768238185	0.355529767984	0.5639251091363782	1.0332751161936562	1.2862515831373076	59.2237	24.486289	54.353442	30	0	0	0	0	0	0	0	5.392	0	0	28.94	-1	0
2016-03-26 23:18:53.866786	20.8468	1.35494533148	1.29348347282	0.178768505213	0.355529859141	0.6052069662898493	1.166575944606769	1.5807990061627946	58.8651	24.486289	54.353442	30	0	0	0	0	0	0	0	5.392	0	0	27.916	-1	0
2016-03-26 23:48:55.208950	20.8361	1.35494549981	1.29348358437	0.178768583176	0.355529897995	0.5982629364393623	1.1013181313023048	1.3410026648810491	59.3992	24.486289	54.353442	30	0	0	0	0	0	0	0	5.392	0	0	28.94	-1	0
2016-03-27 00:18:57.607597	20.8361	1.3549456025	1.29348367568	0.178768647239	0.35552993999	0.6821421793050314	1.2609083827959715	1.5068390719019449	59.3839	24.486289	54.353442	30	0	0	0	0	0	0	0	4.368	0	0	26.892	-1	0
2016-03-27 00:48:59.069952	20.8361	1.35494568104	1.29348374054	0.178768745833	0.355529977149	0.6349506222434083	1.1286483845783108	1.3017383360977441	59.2618	24.486289	54.353442	30	0	0	0	0	0	0	0	4.368	0	0	28.94	-1	0
2016-03-27 01:19:00.448674	20.8254	1.35494561472	1.29348364789	0.178768672931	0.355529958231	0.6541164856787349	1.1336397350628582	1.317770084392398	59.3534	24.486289	54.353442	30	0	0	0	0	0	0	0	4.368	0	0	27.916	-1	0
2016-03-27 01:49:01.590459	20.568	1.35494496401	1.29348319853	0.178768245912	0.355529822164	0.7109482515079004	1.2126704073614545	1.3909486178777837	60.1163	24.486289	54.353442	30	0	0	0	0	0	0	0	5.392	0	0	6.404	-1	0
2016-03-27 02:19:03.758997	20.3964	1.35494350285	1.29348211944	0.178767267872	0.355529450559	0.7787732748237587	1.3112285379210167	1.4901431325889198	60.7267	24.486289	54.353442	30	0	0	0	0	0	0	0	4.368	0	0	6.404	-1	0
2016-03-27 02:49:05.097705	20.2998	1.35494260229	1.29348141405	0.178766766676	0.355529264532	1.0455618974546605	1.7198058410012043	1.9594512799772663	61.07	24.486289	54.353442	30	0	0	0	0	0	0	0	5.392	0	0	8.452	-1	0
2016-03-27 03:19:06.510673	20.2355	1.35494181082	1.2934808456	0.178766234979	0.355529063065	1.331690434655995	2.085977516908455	2.322585152573801	61.2607	24.486289	54.353442	30	0	0	0	0	0	0	0	4.368	0	0	8.452	-1	0
2016-03-27 03:49:07.852436	20.1711	1.35494130196	1.29348049867	0.178765962713	0.355528960707	1.471218494597759	2.2553395437894266	2.4785237187460383	61.3752	24.486289	54.353442	30	0	0	0	0	0	0	0	4.368	0	0	8.452	-1	0
2016-03-27 04:19:09.827638	20.0961	1.35494097508	1.29348023809	0.17876576964	0.355528897892	1.3735465865868788	2.1300272118498587	2.3361674319710253	61.3294	24.486289	54.353442	30	0	0	0	0	0	0	0	5.392	0	0	8.452	-1	0
2016-03-27 04:49:12.015431	20.0639	1.35494053789	1.2934799143	0.17876541903	0.355528805646	1.1347838838160391	1.8020109960137034	2.002270131377426	61.2226	24.486289	54.353442	30	0	0	0	0	0	0	0	4.368	0	0	8.452	-1	0
2016-03-27 05:19:13.233883	19.9888	1.35494015303	1.29347960527	0.178765199105	0.355528721867	0.976695811126428	1.63817443623091	1.8923169729181963	61.131	24.486289	54.353442	30	0	0	0	0	0	0	0	4.368	0	0	8.452	-1	0
2016-03-27 05:49:14.641383	19.9352	1.35493956151	1.29347920645	0.178764845649	0.355528573394	0.9395668912736863	1.6015325158415328	1.9330597812162338	61.3447	24.486289	54.353442	30	0	0	0	0	0	0	0	4.368	0	0	8.452	-1	0
2016-03-27 06:19:15.771900	19.8708	1.35493911485	1.29347883955	0.178764554546	0.355528486965	0.8798557895364627	1.5057979371484167	1.7249500524724175	61.3599	24.486289	54.353442	30	0	0	0	0	0	0	0	4.368	0	0	9.476	-1	0
2016-03-27 06:49:17.937652	19.8387	1.35493898284	1.29347875561	0.178764461115	0.355528429576	0.8854385946364798	1.507015240064563	1.7107745655674553	61.4515	24.486289	54.353442	30	0	0	0	0	0	0	0	5.392	0	0	12.548	-1	0
2016-03-27 07:19:19.161085	19.8494	1.35493882811	1.29347867488	0.178764393967	0.355528435514	0.9240122442330192	1.5637119390803915	1.837873394250164	61.2913	24.486289	54.353442	30	0	0	0	0	0	0	0	5.392	0	0	13.58	-1	0
2016-03-27 07:49:20.287633	19.9995	1.35493942478	1.29347910703	0.17876480707	0.355528648256	1.0315951318717902	2.593247227894651	9.365444511903117	60.6428	24.486289	54.353442	30	0	0	0	0	0	0	0	4.368	0	0	7.436	-1	0
2016-03-27 08:19:21.835313	20.0853	1.3549404023	1.29347985015	0.178765397579	0.355528901807	0.8880671616354137	1.9806712912374915	4.311880379628464	60.2766	24.486289	54.353442	30	0	0	0	0	0	0	0	4.368	0	0	5.388	-1	0
2016-03-27 08:49:23.034835	20.1604	1.35494102736	1.29348034278	0.178765859929	0.355529051649	0.7605231319596201	1.5729685686942299	1.98648357570039	59.8646	24.486289	54.353442	30	0	0	0	0	0	0	0	5.392	0	0	7.436	-1	0
2016-03-27 09:19:25.262504	20.2248	1.35494129821	1.29348056528	0.178766052838	0.355529143076	0.8620216678056491	2.1862441147705156	2.8974021919424366	59.4755	24.486289	54.353442	30	0	0	0	0	0	0	0	4.368	0	0	4.364	-1	0
2016-03-27 09:49:26.944676	20.2784	1.35494162074	1.2934807834	0.178766250786	0.355529217936	0.9425595342715876	2.563391002039835	3.552984851453147	59.2542	24.486289	54.353442	30	0	0	0	0	0	0	0	4.368	0	0	5.388	-1	0
2016-03-27 10:19:29.246163	20.2784	1.35494176182	1.29348089064	0.178766326834	0.355529272099	1.0193295222238676	2.9732031937049337	4.272194760372124	58.9719	24.486289	54.353442	30	0	0	0	0	0	0	0	4.368	0	0	5.388	-1	0
2016-03-27 10:49:30.542373	20.3535	1.35494191509	1.29348104893	0.178766456371	0.355529309629	1.0956774101875446	3.3072191803764412	4.875025707130079	58.621	24.486289	54.353442	30	0	0	0	0	0	0	0	4.368	0	0	8.46	-1	0
2016-03-27 11:19:32.223847	20.0853	1.35494171562	1.29348087461	0.178766427561	0.35552926992	1.4996027069388276	5.423104532950901	9.745968289237654	58.743	24.486289	54.353442	30	0	0	0	0	0	0	0	5.392	0	0	16.652	-1	0
2016-03-27 11:49:33.359509	20.2033	1.35494160125	1.29348077594	0.178766449375	0.3555292621	2.16165851571664	8.160129010633218	13.459068278398098	56.7136	24.486289	54.353442	30	0	0	0	0	0	0	0	5.392	0	0	23.82	-1	0
2016-03-27 12:19:35.010777	20.2462	1.35494167168	1.29348081852	0.178766453855	0.355529330035	2.083044568712318	7.448787491203325	12.155752425102019	51.3196	24.486289	54.353442	30	0	0	0	0	0	0	0	4.368	0	0	19.724	-1	0
2016-03-27 12:49:36.308186	20.2462	1.35494176888	1.29348093688	0.17876666568	0.355529315664	1.9643792595686735	6.92425026928937	10.772490922080147	49.0461	24.486289	54.353442	30	0	0	0	0	0	0	0	5.392	0	0	19.724	-1	0
2016-03-27 13:19:38.565679	20.2677	1.35494206301	1.29348112523	0.178766906595	0.355529380517	1.9160686364099824	6.749641812147473	11.057029321348878	47.1387	24.486289	54.353442	30	0	0	0	0	0	0	0	5.392	0	0	19.724	-1	0
2016-03-27 13:49:40.870964	20.4285	1.35494268676	1.29348156796	0.178767352654	0.355529566364	1.7560583712786613	5.974803038690922	9.294944665135716	45.0635	24.486289	54.353442	30	0	0	0	0	0	0	0	5.392	0	0	16.652	-1	0
2016-03-27 14:19:42.284942	20.4714	1.35494319255	1.29348197545	0.178767639644	0.355529701942	1.5725721689527075	5.343631162632844	8.278696029120953	44.6134	24.486289	54.353442	30	0	0	0	0	0	0	0	5.392	0	0	7.436	-1	0
2016-03-27 14:49:44.207820	20.5358	1.35494363587	1.29348228567	0.178767894765	0.355529775237	1.2991668791527398	4.319920291819456	6.504990053476888	43.614	24.486289	54.353442	30	0	0	0	0	0	0	0	4.368	0	0	12.556	-1	0
2016-03-27 15:19:45.486399	20.5143	1.35494379179	1.29348237106	0.178768000036	0.355529840454	1.1639813052160841	3.7900263827258263	5.637624597611205	43.2172	24.486289	54.353442	30	0	0	0	0	0	0	0	4.368	0	0	3.34	-1	0
2016-03-27 15:49:46.897007	20.5787	1.35494394748	1.29348252667	0.178768143729	0.355529886448	1.1066858527573897	3.69765497317233	6.094041112173406	45.0025	24.486289	54.353442	30	0	0	0	0	0	0	0	4.368	0	0	3.34	-1	0
2016-03-27 16:19:48.532885	20.6752	1.35494429346	1.29348279563	0.178768384736	0.355529977364	1.3734016259849557	4.717593142229217	7.6456891004020955	49.8853	24.486289	54.353442	30	0	0	0	0	0	0	0	5.392	0	0	30.988	-1	0
2016-03-27 16:49:50.706654	20.7396	1.35494473922	1.29348310388	0.178768609012	0.35553004659	1.6135722712211356	5.554312633074952	8.973430513101217	53.4254	24.486289	54.353442	30	0	0	0	0	0	0	0	5.392	0	0	29.964	-1	0
2016-03-27 17:19:52.119142	20.7074	1.3549452808	1.29348353502	0.178769041703	0.355530198959	1.6980893510875659	5.980705769833241	9.535411671300361	50.2592	24.486289	54.353442	30	0	0	0	0	0	0	0	4.368	0	0	29.964	-1	0
2016-03-27 17:49:54.121640	20.7396	1.35494562521	1.29348375801	0.178769297583	0.355530309385	1.6639929278009742	5.991855535634171	10.482971095474515	49.1682	24.486289	54.353442	30	0	0	0	0	0	0	0	5.392	0	0	28.94	-1	0
2016-03-27 18:19:56.412329	20.7932	1.35494579705	1.29348388998	0.178769452737	0.355530344705	1.624583250980758	5.647559413895804	8.744863275592849	50.1142	24.486289	54.353442	30	0	0	0	0	0	0	0	5.392	0	0	28.94	-1	0
2016-03-27 18:49:58.193238	20.8897	1.35494607781	1.29348410767	0.178769574589	0.355530412494	1.6501043453470678	5.631555750491794	8.434846282446498	53.6695	24.486289	54.353442	30	0	0	0	0	0	0	0	4.368	0	0	27.916	-1	0
2016-03-27 19:20:00.010292	20.8039	1.35494593365	1.29348396358	0.178769388879	0.355530397172	1.53759596809833	5.218567589154611	7.698622464428286	56.6144	24.486289	54.353442	30	0	0	0	0	0	0	0	5.392	0	0	26.892	-1	0
2016-03-27 19:50:01.659356	20.761	1.35494586349	1.29348392303	0.178769347353	0.35553037755	1.421627908768608	4.742180856839539	6.998015864172483	56.9501	24.486289	54.353442	30	0	0	0	0	0	0	0	5.392	0	0	27.916	-1	0
2016-03-27 20:20:03.094521	20.7288	1.35494554078	1.29348367377	0.178769133911	0.355530290462	1.452874019620685	4.806434381634637	6.880603143500011	56.8815	24.486289	54.353442	30	0	0	0	0	0	0	0	4.368	0	0	27.916	-1	0
2016-03-27 20:50:04.567470	20.7503	1.35494533268	1.2934835115	0.178768945735	0.355530252357	1.48547481219915	4.815919548471622	6.860041964945309	57.3621	24.486289	54.353442	30	0	0	0	0	0	0	0	4.368	0	0	27.916	-1	0
2016-03-27 21:20:05.889752	20.7074	1.35494534111	1.29348352653	0.178768997601	0.355530234233	1.453875610644865	4.81539747884413	6.861111956998033	57.6368	24.486289	54.353442	30	0	0	0	0	0	0	0	4.368	0	0	27.916	-1	0
2016-03-27 21:50:07.530208	20.6216	1.3549450466	1.29348329287	0.178768811995	0.355530180882	1.4351303273443818	4.781914767206024	7.107346575759588	58.1861	24.486289	54.353442	30	0	0	0	0	0	0	0	4.368	0	0	27.916	-1	0
2016-03-27 22:20:09.627901	20.6538	1.35494492788	1.29348319323	0.17876875783	0.355530159185	1.4697014769241654	4.7787047328769106	6.96078875096592	58.1632	24.486289	54.353442	30	0	0	0	0	0	0	0	4.368	0	0	28.94	-1	0
2016-03-27 22:50:11.923631	20.643	1.35494481293	1.29348313754	0.178768666993	0.355530158193	1.5843836253387689	4.9135771640659085	7.254505578406464	58.2319	24.486289	54.353442	30	0	0	0	0	0	0	0	4.368	0	0	26.892	-1	0
2016-03-27 23:20:13.392253	20.5894	1.3549446973	1.29348304481	0.17876859178	0.355530119377	1.8416930054135892	5.358656935829485	7.718379250373953	58.1098	24.486289	54.353442	30	0	0	0	0	0	0	0	4.368	0	0	27.916	-1	0
2016-03-27 23:50:14.712081	20.6323	1.3549444064	1.29348287114	0.178768452553	0.355530046961	1.8498645704115522	5.6284843585298825	8.236545960079027	57.8428	24.486289	54.353442	30	0	0	0	0	0	0	0	5.392	0	0	28.94	-1	0
2016-03-28 00:20:16.627022	20.7181	1.35494446499	1.29348289035	0.178768468332	0.355530062407	1.8084512136319582	5.647983103571425	7.942804826797158	57.8657	24.486289	54.353442	30	0	0	0	0	0	0	0	4.368	0	0	30.988	-1	0
2016-03-28 00:50:18.885223	20.6859	1.35494463058	1.29348303208	0.178768618084	0.355530075732	1.9480213065736391	6.205145821063476	9.016617747806233	57.5452	24.486289	54.353442	30	0	0	0	0	0	0	0	5.392	0	0	12.548	-1	0
2016-03-28 01:20:20.925213	20.5036	1.35494351597	1.29348221898	0.178767884576	0.355529833922	1.9967951195315905	6.575163154669111	9.335823673570182	57.6444	24.486289	54.353442	30	0	0	0	0	0	0	0	4.368	0	0	12.548	-1	0
2016-03-28 01:50:22.144239	20.332	1.35494244407	1.29348138418	0.178767122676	0.355529570008	2.014633404952698	6.605489134700275	9.379410006574663	57.4842	24.486289	54.353442	30	0	0	0	0	0	0	0	4.368	0	0	13.572	-1	0
2016-03-28 02:20:23.706643	20.2677	1.35494157237	1.29348076634	0.17876660636	0.35552936518	1.9859289416200934	6.574922910361357	9.335367566298592	57.1485	24.486289	54.353442	30	0	0	0	0	0	0	0	4.368	0	0	13.572	-1	0
2016-03-28 02:50:24.962333	20.1497	1.35494097294	1.29348030684	0.178766139708	0.355529246191	1.9161287881461537	6.352953464520763	9.124839659270139	55.5082	24.486289	54.353442	30	0	0	0	0	0	0	0	4.368	0	0	14.596	-1	0
2016-03-28 03:20:26.495151	20.1282	1.35494051163	1.29347996863	0.178765860282	0.355529130096	1.7566140644820332	5.74303255065294	8.12659264449099	54.9894	24.486289	54.353442	30	0	0	0	0	0	0	0	4.368	0	0	14.596	-1	0
2016-03-28 03:50:28.912355	20.0532	1.35494009971	1.2934796358	0.178765619616	0.355529068068	1.696272732194006	5.469512569745617	7.840816107639195	53.1278	24.486289	54.353442	30	0	0	0	0	0	0	0	4.368	0	0	14.596	-1	0
2016-03-28 04:20:30.549102	20.0317	1.35493987561	1.29347950625	0.178765473229	0.355528990619	1.6650711167838113	5.504453219192104	7.935471810119228	53.288	24.486289	54.353442	30	0	0	0	0	0	0	0	4.368	0	0	13.572	-1	0
2016-03-28 04:50:32.859029	20.0103	1.35493975628	1.29347935538	0.178765356662	0.355528974312	1.6646978923907647	5.414079359473561	7.80891549111118	54.6003	24.486289	54.353442	30	0	0	0	0	0	0	0	4.368	0	0	13.572	-1	0
2016-03-28 05:20:34.548682	19.9566	1.35493953507	1.29347925109	0.178765257897	0.355528895335	1.5905718075884967	5.153095421307533	7.325152776401895	54.379	24.486289	54.353442	30	0	0	0	0	0	0	0	4.368	0	0	13.572	-1	0
2016-03-28 05:50:35.793167	19.9781	1.35493941122	1.29347910344	0.178765114015	0.35552889912	1.5520857527554255	5.011875867931866	7.266879453648469	56.5916	24.486289	54.353442	30	0	0	0	0	0	0	0	4.368	0	0	13.572	-1	0
2016-03-28 06:20:37.171107	19.9352	1.35493946663	1.29347916635	0.178765145551	0.355528903581	1.417352063888801	4.483424514554149	6.199352133194664	56.3016	24.486289	54.353442	30	0	0	0	0	0	0	0	4.368	0	0	15.62	-1	0
2016-03-28 06:50:39.582944	19.9459	1.35493918787	1.29347892292	0.178764999161	0.355528870472	1.1241470288551418	3.598317850711783	5.045095689682918	53.4406	24.486289	54.353442	30	0	0	0	0	0	0	0	4.368	0	0	14.596	-1	0
2016-03-28 07:20:40.970928	19.8816	1.35493907489	1.29347888992	0.178764911284	0.355528817036	0.9900956277292274	3.212893473515239	4.485785067037333	54.2798	24.486289	54.353442	30	0	0	0	0	0	0	0	4.368	0	0	20.74	0	0
2016-03-28 07:50:42.455460	20.0746	1.3549394036	1.29347911296	0.178765087101	0.355528925141	1.1560795298335642	5.2450357833939245	16.91042757550493	53.9899	24.486289	54.353442	30	0	0	0	0	0	0	0	4.368	0	0	6.412	-1	0
2016-03-28 08:20:44.402425	20.0103	1.35494021078	1.29347971769	0.178765695219	0.355529150379	1.1562879476737615	4.129244046860673	7.298764467415856	55.4243	24.486289	54.353442	30	0	0	0	0	0	0	0	4.368	0	0	4.364	-1	0
2016-03-28 08:50:45.927395	20.0853	1.35494081051	1.29348018455	0.17876621046	0.355529248885	1.3469529812376557	4.896429746173912	8.006199846613592	56.3093	24.486289	54.353442	30	0	0	0	0	0	0	0	4.368	0	0	3.34	-1	0
2016-03-28 09:20:47.422731	20.2248	1.35494159127	1.29348076851	0.17876682692	0.355529479685	1.7055443208099381	6.304782678602714	10.05150915515767	56.645	24.486289	54.353442	30	0	0	0	0	0	0	0	4.368	0	0	2.316	-1	0
2016-03-28 09:50:48.825445	20.3106	1.35494222326	1.29348123829	0.178767128833	0.355529634715	1.9112534293150742	7.10719836896477	11.107334182317128	56.912	24.486289	54.353442	30	0	0	0	0	0	0	0	4.368	0	0	1.292	-1	0
2016-03-28 10:20:51.045039	20.3213	1.35494255432	1.29348149514	0.178767338037	0.355529708792	1.9978439322142667	7.454116616842042	12.026683731753238	57.2477	24.486289	54.353442	30	0	0	0	0	0	0	0	4.368	0	0	3.34	-1	0
2016-03-28 10:50:53.367250	20.4285	1.35494291936	1.29348172817	0.178767666303	0.355529776005	2.122156637660145	7.932232097761165	12.895622650899831	57.2095	24.486289	54.353442	30	0	0	0	0	0	0	0	3.344	0	0	3.34	-1	0
2016-03-28 11:20:55.523360	20.4178	1.35494330912	1.29348205367	0.178767979673	0.355529890235	2.2391161688780628	8.376183763775096	13.254030756735078	57.2629	24.486289	54.353442	30	0	0	0	0	0	0	0	4.368	0	0	10.508	-1	0
2016-03-28 11:50:56.717745	20.5358	1.35494366637	1.29348231727	0.178768164625	0.355529975156	2.3698856383231197	8.779893709587927	13.483783555683782	56.7747	24.486289	54.353442	30	0	0	0	0	0	0	0	5.392	0	0	13.58	-1	0
2016-03-28 12:20:58.026494	20.5036	1.35494387537	1.29348244962	0.17876822973	0.355530051774	2.353911128068835	8.45476550194707	12.935490107377488	56.3627	24.486289	54.353442	30	0	0	0	0	0	0	0	3.344	0	0	19.724	-1	0
2016-03-28 12:50:59.766846	20.5465	1.35494398082	1.29348252641	0.178768277551	0.355530087398	2.245405041403809	7.988343963086561	12.145802655280033	55.348	24.486289	54.353442	30	0	0	0	0	0	0	0	3.344	0	0	11.532	-1	0
2016-03-28 13:21:01.027038	20.6323	1.3549442409	1.29348273763	0.178768514	0.355530116408	2.216891936605146	7.937271929351536	12.682031520725001	53.4101	24.486289	54.353442	30	0	0	0	0	0	0	0	3.344	0	0	9.484	-1	0
2016-03-28 13:51:02.702248	20.6645	1.35494441021	1.29348290377	0.178768602307	0.355530172712	2.1375443795978537	7.576317676520189	11.402424607428685	52.8608	24.486289	54.353442	30	0	0	0	0	0	0	0	4.368	0	0	6.412	-1	0
2016-03-28 14:21:04.751741	20.6752	1.35494465865	1.29348303158	0.178768797103	0.355530232344	1.976004051386252	6.981295151647026	10.95508788376165	51.4493	24.486289	54.353442	30	0	0	0	0	0	0	0	3.344	0	0	9.484	-1	0
2016-03-28 14:51:06.321794	20.6967	1.35494489104	1.29348323596	0.178768993577	0.355530306016	2.010023590549551	7.291253740570441	11.701077783751893	52.1589	24.486289	54.353442	30	0	0	0	0	0	0	0	4.368	0	0	13.58	-1	0
2016-03-28 15:21:07.593302	20.8039	1.3549452591	1.29348354184	0.178769306909	0.355530396501	2.189814027726959	8.016263403599568	13.782769608021136	52.0902	24.486289	54.353442	30	0	0	0	0	0	0	0	4.368	0	0	10.508	-1	0
2016-03-28 15:51:08.798494	20.8468	1.35494566629	1.29348380862	0.178769516729	0.355530504513	2.1924155739657882	7.6522039463571225	11.608587547552135	50.778	24.486289	54.353442	30	0	0	0	0	0	0	0	4.368	0	0	3.34	-1	0
2016-03-28 16:21:10.237481	20.879	1.3549458491	1.29348400217	0.17876964564	0.35553052117	2.3174333679155454	8.22471599610623	12.57317710187504	51.2433	24.486289	54.353442	30	0	0	0	0	0	0	0	3.344	0	0	3.34	-1	0
2016-03-28 16:51:11.619966	20.8683	1.35494605214	1.29348413328	0.178769806717	0.355530575231	2.4067065399016037	8.643914138185457	13.030314105250586	51.9758	24.486289	54.353442	30	0	0	0	0	0	0	0	4.368	0	0	0.268	-1	0
2016-03-28 17:21:13.849453	20.9112	1.35494610105	1.2934841255	0.178769915897	0.355530607247	2.4648013577835095	8.874081692752048	13.556138372280188	51.5485	24.486289	54.353442	30	0	0	0	0	0	0	0	4.368	0	0	0.268	-1	0
2016-03-28 17:51:15.514310	20.9219	1.35494615197	1.29348420589	0.178769897878	0.355530620904	2.6100636112698794	9.492372434638678	14.667079150456132	50.9534	24.486289	54.353442	30	0	0	0	0	0	0	0	4.368	0	0	28.94	-1	0
2016-03-28 18:21:16.959831	20.8897	1.35494616282	1.293484185	0.178769882087	0.355530655478	2.7325147436283252	9.980140735131723	15.663716098997329	51.1747	24.486289	54.353442	30	0	0	0	0	0	0	0	4.368	0	0	29.964	-1	0
2016-03-28 18:51:18.499196	20.879	1.35494602364	1.29348407314	0.17876977743	0.355530582359	2.737820543067531	9.82120291274358	14.8434644834277	51.251	24.486289	54.353442	30	0	0	0	0	0	0	0	4.368	0	0	29.964	-1	0
2016-03-28 19:21:19.805585	20.8468	1.35494579431	1.29348391246	0.178769646014	0.355530557593	2.9259957565721275	10.38323295707618	15.454430384251209	50.3354	24.486289	54.353442	30	0	0	0	0	0	0	0	4.368	0	0	29.964	-1	0
2016-03-28 19:51:21.259223	20.8146	1.35494570214	1.29348386351	0.178769597229	0.355530547133	3.4438458101384115	11.802056123026206	17.800320773897656	50.488	24.486289	54.353442	30	0	0	0	0	0	0	0	4.368	0	0	29.964	-1	0
2016-03-28 20:21:22.743085	20.8039	1.35494572263	1.2934838956	0.178769669231	0.355530557447	3.2116741217507254	11.26405346693816	16.929389037732726	51.251	24.486289	54.353442	30	0	0	0	0	0	0	0	3.344	0	0	26.892	-1	0
2016-03-28 20:51:24.374411	20.8361	1.35494585939	1.29348393557	0.178769663789	0.355530563445	3.5028783584663854	12.292426784010328	18.49303266423694	52.3344	24.486289	54.353442	30	0	0	0	0	0	0	0	4.368	0	0	28.94	-1	0
2016-03-28 21:21:25.710401	20.8039	1.35494588501	1.29348398427	0.178769779593	0.35553056478	3.7210925427478476	12.943613816860603	19.667158392956306	51.5027	24.486289	54.353442	30	0	0	0	0	0	0	0	4.368	0	0	30.988	-1	0
2016-03-28 21:51:27.502567	20.7825	1.35494569011	1.29348387762	0.178769667227	0.355530531165	3.4929905205104723	12.197211750166051	18.214673429837852	51.7393	24.486289	54.353442	30	0	0	0	0	0	0	0	4.368	0	0	28.94	-1	0
2016-03-28 22:21:28.647542	20.8039	1.3549455958	1.29348380009	0.178769548771	0.355530501043	3.3673364607493084	11.568516301402338	16.921413335446957	51.5104	24.486289	54.353442	30	0	0	0	0	0	0	0	3.344	0	0	28.94	-1	0
2016-03-28 22:51:30.384201	20.8039	1.35494580864	1.29348394165	0.178769666177	0.355530567799	3.2642693611359612	11.347053062289314	16.74312338592563	52.3649	24.486289	54.353442	30	0	0	0	0	0	0	0	3.344	0	0	29.964	-1	0
2016-03-28 23:21:31.546759	20.8039	1.35494570965	1.29348392274	0.178769642365	0.355530582534	3.2025609428794297	10.853218911135638	15.659607310471712	54.0204	24.486289	54.353442	30	0	0	0	0	0	0	0	4.368	0	0	29.964	-1	0
2016-03-28 23:51:32.751854	20.7503	1.35494556861	1.29348374064	0.17876951743	0.355530557749	2.914126954283386	9.857185809723454	14.376151418791798	53.4864	24.486289	54.353442	30	0	0	0	0	0	0	0	4.368	0	0	28.94	-1	0
2016-03-29 00:21:34.095475	20.7074	1.35494528281	1.29348355116	0.178769255922	0.355530455765	2.6297619839582858	8.77784754063446	12.614736224173793	52.9218	24.486289	54.353442	30	0	0	0	0	0	0	0	4.368	0	0	30.988	-1	0
2016-03-29 00:51:35.767201	20.7074	1.35494508895	1.293483421	0.178769226008	0.355530394676	2.309388101939181	7.609836631664781	10.769438485848648	51.9376	24.486289	54.353442	30	0	0	0	0	0	0	0	3.344	0	0	28.94	-1	0
2016-03-29 01:21:37.557753	20.7396	1.3549449662	1.2934833522	0.178769125609	0.355530422823	2.138750649883869	6.944382338149737	9.829021495682147	51.4646	24.486289	54.353442	30	0	0	0	0	0	0	0	3.344	0	0	29.964	-1	0
2016-03-29 01:51:38.753307	20.6752	1.35494480304	1.29348319695	0.178769020209	0.355530377465	1.8551079135837598	5.921694449986642	8.230566897099324	54.1196	24.486289	54.353442	30	0	0	0	0	0	0	0	4.368	0	0	30.988	-1	0
2016-03-29 02:21:40.377320	20.643	1.35494456713	1.29348299914	0.178768773558	0.35553032443	1.633794687396063	5.176932258485953	7.368250335171697	54.6384	24.486289	54.353442	30	0	0	0	0	0	0	0	4.368	0	0	28.94	-1	0
2016-03-29 02:51:41.964802	20.5465	1.35494411074	1.29348270703	0.178768510324	0.355530168791	1.4793155574075034	4.580659383363321	6.333671391230879	55.1801	24.486289	54.353442	30	0	0	0	0	0	0	0	4.368	0	0	30.988	-1	0
2016-03-29 03:21:43.168477	20.4822	1.35494397097	1.29348255068	0.178768442493	0.355530175272	1.4158252778536826	4.3308633021034195	5.978450628539353	55.6989	24.486289	54.353442	30	0	0	0	0	0	0	0	4.368	0	0	4.356	-1	0
2016-03-29 03:51:44.462746	20.3642	1.35494303809	1.293481876	0.178767807144	0.355529920294	1.405486960308716	4.152107592161984	5.657253393458049	55.8439	24.486289	54.353442	30	0	0	0	0	0	0	0	4.368	0	0	5.38	-1	0
2016-03-29 04:21:45.673073	20.2248	1.35494216725	1.29348122661	0.178767255281	0.355529725816	1.4053763441471239	4.120780662374969	5.614864116240924	56.8052	24.486289	54.353442	30	0	0	0	0	0	0	0	4.368	0	0	6.404	-1	0
2016-03-29 04:51:47.311679	20.1711	1.35494153213	1.29348074239	0.178766823318	0.355529569628	1.5055346211444705	4.511026639174215	6.192118174097963	57.3087	24.486289	54.353442	30	0	0	0	0	0	0	0	4.368	0	0	6.404	-1	0
2016-03-29 05:21:49.036305	20.0639	1.3549409807	1.2934803335	0.178766446204	0.355529437444	1.8277962094408595	5.808387724582042	8.070629559562084	58.003	24.486289	54.353442	30	0	0	0	0	0	0	0	3.344	0	0	6.404	-1	0
2016-03-29 05:51:50.814223	20.0532	1.35494060538	1.29348008283	0.17876628938	0.355529354226	2.3069643871948333	7.769384952230333	11.343506826814416	58.4913	24.486289	54.353442	30	0	0	0	0	0	0	0	4.368	0	0	7.428	-1	0
2016-03-29 06:21:52.320794	20.0424	1.35494050244	1.29347995782	0.178766188575	0.355529346892	2.784865390980888	9.739746483584671	14.100842174117782	58.8422	24.486289	54.353442	30	0	0	0	0	0	0	0	4.368	0	0	7.428	-1	0
2016-03-29 06:51:53.514905	20.0853	1.35494062003	1.29348004549	0.178766319507	0.355529350645	2.958318767769967	10.562794626420908	15.46602964895377	58.9643	24.486289	54.353442	30	0	0	0	0	0	0	0	4.368	0	0	10.5	-1	0
2016-03-29 07:21:55.605419	20.0961	1.35494071118	1.29348017683	0.178766409017	0.355529406024	2.9276302259644256	10.595185323259196	15.652666274041797	59.0024	24.486289	54.353442	30	0	0	0	0	0	0	0	4.368	0	0	12.556	-1	0
2016-03-29 07:51:56.767223	20.45	1.35494196205	1.29348106701	0.17876728006	0.35552971447	2.8625855849108635	11.490792172825133	25.311350380553748	60.4597	24.486289	54.353442	30	0	0	0	0	0	0	0	3.344	0	0	7.436	-1	0
2016-03-29 08:21:58.613741	20.568	1.35494311174	1.29348190508	0.178767945407	0.355530010126	2.5523154576737115	9.45036098658818	15.035327870258131	58.2166	24.486289	54.353442	30	0	0	0	0	0	0	0	3.344	0	0	5.388	-1	0
2016-03-29 08:51:59.924595	20.5036	1.35494342249	1.29348218198	0.178768157013	0.355530064398	2.2191349963714773	7.987096632435796	11.969296185022632	58.2395	24.486289	54.353442	30	0	0	0	0	0	0	0	3.344	0	0	4.356	-1	0
2016-03-29 09:22:01.151876	20.5465	1.35494305903	1.29348188187	0.178768000181	0.3555300129	2.7920659318136165	10.332555061265506	16.10655704592882	58.2014	24.486289	54.353442	30	0	0	0	0	0	0	0	3.344	0	0	8.46	-1	0
2016-03-29 09:52:02.381020	20.6752	1.35494386527	1.29348248865	0.178768458275	0.355530163814	3.0226479722869386	11.458294009738813	18.07007382200172	57.9343	24.486289	54.353442	30	0	0	0	0	0	0	0	3.344	0	0	2.308	-1	0
2016-03-29 10:22:04.000075	20.7396	1.35494451614	1.29348298457	0.178768937393	0.355530312458	2.8258089113023703	10.496778428157464	16.23359246892809	57.8275	24.486289	54.353442	30	0	0	0	0	0	0	0	3.344	0	0	5.388	-1	0
2016-03-29 10:52:06.209727	20.7825	1.35494496601	1.29348334431	0.178769288857	0.355530461936	3.155218316571612	11.779460737918766	18.780839640506542	57.6368	24.486289	54.353442	30	0	0	0	0	0	0	0	3.344	0	0	10.508	-1	0
2016-03-29 11:22:08.055712	20.6967	1.35494520277	1.29348350975	0.178769464599	0.355530516195	3.7721792695082885	14.02365076127183	22.141748428344727	57.3926	24.486289	54.353442	30	0	0	0	0	0	0	0	4.368	0	0	14.604	-1	0
2016-03-29 11:52:09.278329	20.7288	1.35494462565	1.29348308731	0.178769143505	0.355530407029	3.876625147861167	14.013205537083058	21.96361711235244	57.2629	24.486289	54.353442	30	0	0	0	0	0	0	0	4.368	0	0	21.772	-1	0
2016-03-29 12:22:10.875706	20.7396	1.35494507354	1.29348340247	0.17876939859	0.355530526969	4.186152544752216	14.625402838102012	22.863645223226484	57.3087	24.486289	54.353442	30	0	0	0	0	0	0	0	3.344	0	0	24.844	-1	0
2016-03-29 12:52:12.912123	20.7181	1.35494521288	1.2934835365	0.178769513227	0.355530554317	3.906047353208021	13.580560223602701	20.60144703693517	57.2248	24.486289	54.353442	30	0	0	0	0	0	0	0	4.368	0	0	21.772	-1	0
2016-03-29 13:22:14.881336	20.7503	1.35494533542	1.2934835951	0.178769622904	0.355530570565	3.492705376654709	11.809372089599169	17.601837933637054	57.0722	24.486289	54.353442	30	0	0	0	0	0	0	0	4.368	0	0	20.748	-1	0
2016-03-29 13:52:17.318168	20.8146	1.35494561159	1.29348378818	0.178769826187	0.355530660056	3.0756824524444943	9.848791424868375	14.630430596819997	56.706	24.486289	54.353442	30	0	0	0	0	0	0	0	4.368	0	0	18.7	-1	0
2016-03-29 14:22:18.538782	20.879	1.35494610133	1.29348415777	0.178770152907	0.355530772188	3.040712775873485	9.36493565416795	13.57877924334641	56.3779	24.486289	54.353442	30	0	0	0	0	0	0	0	3.344	0	0	16.652	-1	0
2016-03-29 14:52:20.149505	20.8683	1.35494611088	1.29348412175	0.178770117349	0.355530785162	3.2094381028506422	9.665792366383608	14.380407204546811	56.1643	24.486289	54.353442	30	0	0	0	0	0	0	0	3.344	0	0	13.58	-1	0
2016-03-29 15:22:22.337048	20.8361	1.35494595286	1.29348401618	0.178770070643	0.355530739411	3.1351573810025433	9.10577918518577	13.159323255338613	56.1567	24.486289	54.353442	30	0	0	0	0	0	0	0	3.344	0	0	10.508	-1	0
2016-03-29 15:52:24.318650	20.8683	1.35494585112	1.29348396632	0.178770029021	0.35553072129	3.033777600478279	8.704279207106786	12.648713739954216	56.0346	24.486289	54.353442	30	0	0	0	0	0	0	0	3.344	0	0	6.412	-1	0
2016-03-29 16:22:26.257458	20.8575	1.35494619445	1.29348424952	0.178770210104	0.355530814403	2.879642067619115	8.229915445597413	12.27473284825848	55.9278	24.486289	54.353442	30	0	0	0	0	0	0	0	3.344	0	0	2.316	-1	0
2016-03-29 16:52:28.109749	20.9433	1.35494625451	1.2934842716	0.17877026263	0.355530823186	2.6030446523035304	7.350262761380741	10.548026179843793	55.6989	24.486289	54.353442	30	0	0	0	0	0	0	0	3.344	0	0	32.012	-1	0
2016-03-29 17:22:29.257261	20.8897	1.35494658292	1.2934844965	0.178770468399	0.355530881962	2.323037230200806	6.521510628838613	9.999688212735665	55.7905	24.486289	54.353442	30	0	0	0	0	0	0	0	4.368	0	0	32.012	-1	0
2016-03-29 17:52:31.604223	20.9004	1.35494660633	1.29348453364	0.178770504192	0.355530923248	2.0658975876233563	5.788715066599193	8.934422455479885	55.8591	24.486289	54.353442	30	0	0	0	0	0	0	0	3.344	0	0	29.964	-1	0
2016-03-29 18:22:33.678895	21.0291	1.3549466829	1.29348457295	0.178770515185	0.355530908544	1.9615814303751788	5.376759981067863	7.692977351845855	55.9965	24.486289	54.353442	30	0	0	0	0	0	0	0	3.344	0	0	26.892	-1	0
2016-03-29 18:52:35.120736	21.072	1.35494740178	1.2934851075	0.178771056329	0.355531061627	1.8809979887118082	5.2213056885163756	8.181246250845785	56.0422	24.486289	54.353442	30	0	0	0	0	0	0	0	3.344	0	0	26.892	-1	0
2016-03-29 19:22:37.530874	21.1686	1.3549478698	1.29348546022	0.178771368923	0.355531224526	2.2105920547564355	6.488186143294594	9.787907691396905	55.9125	24.486289	54.353442	30	0	0	0	0	0	0	0	3.344	0	0	24.844	-1	0
2016-03-29 19:52:39.066871	21.2222	1.35494856187	1.29348598028	0.17877179002	0.355531385417	3.093742155481673	9.864979865019803	15.126147684567421	55.821	24.486289	54.353442	30	0	0	0	0	0	0	0	3.344	0	0	24.844	-1	0
2016-03-29 20:22:40.495355	21.2544	1.3549486649	1.2934860565	0.178771799874	0.355531421134	3.392860064322996	11.061082892379083	16.389612378587024	55.8439	24.486289	54.353442	30	0	0	0	0	0	0	0	3.344	0	0	22.796	-1	0
2016-03-29 20:52:41.928726	21.3294	1.35494872293	1.29348607744	0.178771853168	0.355531418763	3.0364194988410267	9.788754190011522	15.010263074512045	55.7065	24.486289	54.353442	30	0	0	0	0	0	0	0	3.344	0	0	25.868	-1	0
2016-03-29 21:22:43.372826	21.2329	1.35494818563	1.29348572421	0.178771500021	0.355531269697	2.6400306389508423	8.2922542280621	11.59674727263274	56.027	24.486289	54.353442	30	0	0	0	0	0	0	0	3.344	0	0	27.916	-1	0
2016-03-29 21:52:44.921740	21.1578	1.35494759144	1.29348525783	0.17877107629	0.35553110073	2.323602098522144	7.243901029328431	10.500997331034775	56.3856	24.486289	54.353442	30	0	0	0	0	0	0	0	3.344	0	0	27.916	-1	0
2016-03-29 22:22:46.586540	21.0291	1.35494716325	1.29348494955	0.17877081698	0.35553104355	2.476842017283182	7.359271436334097	10.779358030336155	56.8433	24.486289	54.353442	30	0	0	0	0	0	0	0	3.344	0	0	26.892	-1	0
2016-03-29 22:52:48.605046	21.0291	1.35494704991	1.29348484676	0.178770745965	0.35553101154	3.0261579243718564	8.222672752589318	11.587692407216963	57.4689	24.486289	54.353442	30	0	0	0	0	0	0	0	3.344	0	0	26.892	-1	0
2016-03-29 23:22:50.163529	21.0399	1.35494710087	1.29348490803	0.178770770135	0.355530991033	3.408559299591821	9.564652573171145	14.348744807818658	57.3926	24.486289	54.353442	30	0	0	0	0	0	0	0	4.368	0	0	27.916	-1	0
2016-03-29 23:52:51.790175	21.0184	1.35494710299	1.29348490221	0.17877074516	0.355530999748	2.893382587581101	8.838028882539863	14.255448845384034	57.324	24.486289	54.353442	30	0	0	0	0	0	0	0	2.32	0	0	26.892	-1	0
2016-03-30 00:22:53.045719	21.1793	1.35494751764	1.2934852649	0.178771132249	0.355531110228	2.6247140881222855	7.826410163340085	11.630036108587337	56.6984	24.486289	54.353442	30	0	0	0	0	0	0	0	4.368	0	0	25.868	-1	0
2016-03-30 00:52:54.381461	21.2758	1.35494824962	1.29348578072	0.178771624982	0.35553128115	2.530749596903538	7.22120515846659	9.852818654961801	55.8515	24.486289	54.353442	30	0	0	0	0	0	0	0	3.344	0	0	26.892	-1	0
2016-03-30 01:22:55.557410	21.2865	1.35494830372	1.29348584122	0.178771752295	0.355531339438	2.175715161375784	5.942916138449216	8.196355965823972	55.6913	24.486289	54.353442	30	0	0	0	0	0	0	0	3.344	0	0	26.892	-1	0
2016-03-30 01:52:57.728884	21.2544	1.35494807718	1.29348561079	0.178771477242	0.355531263962	1.9777350083610716	5.156084944157911	6.8982869860159575	55.6913	24.486289	54.353442	30	0	0	0	0	0	0	0	3.344	0	0	26.892	-1	0
2016-03-30 02:22:59.142111	21.1793	1.35494773212	1.29348539842	0.178771282561	0.355531185857	1.7330819697489481	4.185156347220426	5.421976547343567	55.8362	24.486289	54.353442	30	0	0	0	0	0	0	0	3.344	0	0	25.868	-1	0
2016-03-30 02:53:01.557370	21.19	1.35494766531	1.2934853495	0.178771257524	0.355531174712	1.6293853405841003	3.7285117634831098	4.877419314793581	55.7371	24.486289	54.353442	30	0	0	0	0	0	0	0	3.344	0	0	0.26	-1	0
2016-03-30 03:23:03.468754	21.0935	1.35494713738	1.29348496311	0.178770926023	0.355531018802	1.5910806935156476	3.6301013970710363	4.665211274039737	56.6373	24.486289	54.353442	30	0	0	0	0	0	0	0	3.344	0	0	29.964	-1	0
2016-03-30 03:53:04.988098	21.0506	1.35494726305	1.29348503806	0.178770984812	0.355531101158	1.6200407195938331	3.6831115815129483	4.701226030518442	57.0951	24.486289	54.353442	30	0	0	0	0	0	0	0	3.344	0	0	6.404	-1	0
2016-03-30 04:23:06.640461	20.9541	1.35494694167	1.29348481307	0.17877080397	0.355530983531	1.680894270859146	3.9471163903228623	5.174558234823624	57.2935	24.486289	54.353442	30	0	0	0	0	0	0	0	3.344	0	0	7.428	-1	0
2016-03-30 04:53:07.801698	20.8361	1.35494586224	1.29348400152	0.178770074596	0.355530736445	1.7325694571151988	4.152089708739083	5.47311376175291	57.5605	24.486289	54.353442	30	0	0	0	0	0	0	0	2.32	0	0	7.428	-1	0
2016-03-30 05:23:10.167767	20.7074	1.35494506866	1.29348339589	0.178769455088	0.355530518676	2.0097769503233702	5.262526387117318	7.023661522911145	57.7207	24.486289	54.353442	30	0	0	0	0	0	0	0	3.344	0	0	7.428	-1	0
2016-03-30 05:53:11.352801	20.643	1.35494453707	1.29348303381	0.178769135192	0.355530436489	2.2706195401051237	6.182796099643015	8.248422843098728	57.8504	24.486289	54.353442	30	0	0	0	0	0	0	0	3.344	0	0	8.452	-1	0
2016-03-30 06:23:13.593480	20.6109	1.35494415755	1.29348272157	0.178768896059	0.355530311174	2.60068092614236	7.369697143692942	9.89717645740368	58.1098	24.486289	54.353442	30	0	0	0	0	0	0	0	4.368	0	0	9.476	-1	0
2016-03-30 06:53:15.464334	20.5251	1.35494393525	1.29348258438	0.178768761657	0.355530290934	2.7387118307796454	7.978160952146236	10.905904882229292	58.3463	24.486289	54.353442	30	0	0	0	0	0	0	0	2.32	0	0	12.548	0	0
2016-03-30 07:23:17.590161	20.568	1.35494360782	1.29348232467	0.178768591136	0.355530192385	2.8076205565962944	8.730559881663517	14.738914693575449	58.4608	24.486289	54.353442	30	0	0	0	0	0	0	0	2.32	0	0	8.46	-1	0
2016-03-30 07:53:19.666085	20.7825	1.35494443743	1.29348293259	0.178769088562	0.355530448783	2.8615064152775433	9.295953836137727	16.383492857394135	58.1632	24.486289	54.353442	30	0	0	0	0	0	0	0	3.344	0	0	3.34	-1	0
2016-03-30 08:23:21.230697	20.7181	1.35494480581	1.29348322425	0.178769333446	0.355530498471	2.680744803631244	8.490868085759557	13.307442765514732	58.1479	24.486289	54.353442	30	0	0	0	0	0	0	0	3.344	0	0	32.012	-1	0
2016-03-30 08:53:22.708823	20.8146	1.35494544349	1.29348369341	0.178770015046	0.355530643241	2.4800938714618246	7.842102790214149	13.037005190492824	57.797	24.486289	54.353442	30	0	0	0	0	0	0	0	2.32	0	0	0.268	-1	0
2016-03-30 09:23:24.195602	20.9326	1.35494643506	1.2934844275	0.178770636224	0.355530900336	2.4537181115697524	7.652738828291988	11.969305886241086	57.0417	24.486289	54.353442	30	0	0	0	0	0	0	0	3.344	0	0	32.012	-1	0
2016-03-30 09:53:26.504805	20.9541	1.35494666646	1.29348462987	0.17877057224	0.355530967394	2.6919604654495535	8.624404260040034	13.43395300200705	56.912	24.486289	54.353442	30	0	0	0	0	0	0	0	3.344	0	0	2.316	-1	0
2016-03-30 10:23:28.618213	20.9862	1.35494670967	1.29348464634	0.178770639949	0.355531000706	4.1956657040754015	14.080567003354519	22.080575266533348	56.8357	24.486289	54.353442	30	0	0	0	0	0	0	0	3.344	0	0	4.364	-1	0
2016-03-30 10:53:31.026723	20.9541	1.35494662767	1.29348456472	0.178770506703	0.355530978776	4.398861362912951	14.45057952262946	22.31115511818045	56.8052	24.486289	54.353442	30	0	0	0	0	0	0	0	2.32	0	0	4.364	-1	0
2016-03-30 11:23:32.612717	20.8897	1.35494631677	1.29348436605	0.17877034752	0.355530882147	3.8211564335180688	12.672384231642914	22.95648096562491	56.8052	24.486289	54.353442	30	0	0	0	0	0	0	0	2.32	0	0	6.412	-1	0
2016-03-30 11:53:34.037826	20.9648	1.35494618226	1.29348423816	0.178770276131	0.355530871654	3.355174511649007	10.536267385228664	17.231256260861297	56.3398	24.486289	54.353442	30	0	0	0	0	0	0	0	3.344	0	0	17.676	-1	0
2016-03-30 12:23:35.208230	20.9326	1.35494617038	1.29348423943	0.17877032356	0.355530875252	3.090290679568101	9.221679022892769	13.241201354343744	56.2711	24.486289	54.353442	30	0	0	0	0	0	0	0	2.32	0	0	20.748	-1	0
2016-03-30 12:53:37.208789	20.9219	1.35494639194	1.29348438256	0.178770497593	0.35553093022	3.1154488789788366	9.334063601564374	13.83821156956035	56.233	24.486289	54.353442	30	0	0	0	0	0	0	0	2.32	0	0	6.412	-1	0
2016-03-30 13:23:38.699500	20.9648	1.35494657872	1.29348453071	0.178770592175	0.355530980204	3.2941819284246376	9.864502262486782	15.026723939343615	55.8515	24.486289	54.353442	30	0	0	0	0	0	0	0	2.32	0	0	7.436	-1	0
2016-03-30 13:53:40.934570	21.0077	1.35494667254	1.29348461309	0.17877076243	0.355531020629	2.8570589817161474	8.117309081474998	11.282717021459302	56.1643	24.486289	54.353442	30	0	0	0	0	0	0	0	2.32	0	0	6.412	-1	0
2016-03-30 14:23:42.469751	21.1149	1.35494704365	1.29348488954	0.178770906981	0.355531103805	2.553625194784626	7.528951862138964	10.544118453978081	56.2253	24.486289	54.353442	30	0	0	0	0	0	0	0	3.344	0	0	2.316	-1	0
2016-03-30 14:53:43.698144	21.1364	1.35494719452	1.29348496897	0.178770921049	0.355531142062	2.374825779373429	7.195367635928817	10.452665630576348	56.5229	24.486289	54.353442	30	0	0	0	0	0	0	0	3.344	0	0	2.316	-1	0
2016-03-30 15:23:45.487721	21.1793	1.35494732287	1.29348506464	0.178771057404	0.355531181898	2.127092513988709	5.985065455708278	8.09399677187028	56.4924	24.486289	54.353442	30	0	0	0	0	0	0	0	3.344	0	0	5.388	-1	0
2016-03-30 15:53:46.823829	21.072	1.35494704056	1.29348490148	0.178770909351	0.35553110741	1.9113104069877076	5.359243716953596	7.808086574562914	57.1256	24.486289	54.353442	30	0	0	0	0	0	0	0	2.32	0	0	3.34	-1	0
2016-03-30 16:23:48.301580	21.1042	1.35494702588	1.29348486552	0.17877083767	0.355531101742	1.9201342166573097	5.491074705106254	7.620197897836246	56.9272	24.486289	54.353442	30	0	0	0	0	0	0	0	3.344	0	0	0.268	-1	0
2016-03-30 16:53:50.729019	21.0399	1.35494686544	1.29348471838	0.178770766041	0.355531085132	1.882284556355702	5.212830205199986	7.253882296956503	57.1714	24.486289	54.353442	30	0	0	0	0	0	0	0	3.344	0	0	30.988	-1	0
2016-03-30 17:23:53.123297	20.997	1.354946719	1.2934846187	0.178770677163	0.355531018574	1.7863624902695594	4.981505444592978	6.887140406483024	57.3392	24.486289	54.353442	30	0	0	0	0	0	0	0	3.344	0	0	30.988	-1	0
2016-03-30 17:53:54.807219	20.9433	1.35494663238	1.2934845381	0.1787705884	0.355531037026	1.6641824441340833	4.609119291220834	6.143064351367738	57.4766	24.486289	54.353442	30	0	0	0	0	0	0	0	2.32	0	0	28.94	-1	0
2016-03-30 18:23:56.575041	20.9541	1.35494611774	1.29348418748	0.178770178974	0.355530884236	1.46383318166041	3.9407178200147137	5.33493029850664	57.4918	24.486289	54.353442	30	0	0	0	0	0	0	0	2.32	0	0	27.916	-1	0
2016-03-30 18:53:58.098012	20.9862	1.35494624613	1.29348428063	0.178770358363	0.355530903846	1.3788616472840045	3.6387650079413048	4.960650467281426	57.3621	24.486289	54.353442	30	0	0	0	0	0	0	0	3.344	0	0	26.892	-1	0
2016-03-30 19:23:59.455456	20.9541	1.3549462343	1.29348424464	0.178770361321	0.355530907378	1.3957300852793928	3.678147185475274	4.929493152636408	57.4689	24.486289	54.353442	30	0	0	0	0	0	0	0	2.32	0	0	25.868	-1	0
2016-03-30 19:54:01.321360	20.9648	1.35494605751	1.29348407027	0.17877021346	0.3555308697	1.4301130464569363	3.798300163733527	5.495686025993635	57.4689	24.486289	54.353442	30	0	0	0	0	0	0	0	3.344	0	0	24.844	-1	0
2016-03-30 20:24:03.352666	20.879	1.35494585975	1.29348396189	0.178770107618	0.355530822082	1.4344263767173304	3.7340542907281034	4.964125115490524	57.7131	24.486289	54.353442	30	0	0	0	0	0	0	0	2.32	0	0	27.916	-1	0
2016-03-30 20:54:05.064904	20.9004	1.35494582618	1.29348392519	0.178770050532	0.355530817008	1.406369881396996	3.5964612243883174	4.6998198424596245	57.6978	24.486289	54.353442	30	0	0	0	0	0	0	0	2.32	0	0	26.892	-1	0
2016-03-30 21:24:07.487084	20.8146	1.35494558027	1.29348375681	0.178769936703	0.355530772208	1.4176773944726357	3.724365402872746	5.177277246346841	58.1174	24.486289	54.353442	30	0	0	0	0	0	0	0	2.32	0	0	25.868	-1	0
2016-03-30 21:54:08.709329	20.8146	1.35494544155	1.29348362925	0.17876973536	0.355530712896	1.4354685294372254	3.6117205638341954	4.750631280910695	57.9801	24.486289	54.353442	30	0	0	0	0	0	0	0	3.344	0	0	25.868	-1	0
2016-03-30 22:24:10.468415	20.8361	1.35494541434	1.29348362052	0.178769780939	0.355530721781	1.358306085463368	3.4240333231884317	4.474388799122049	58.1327	24.486289	54.353442	30	0	0	0	0	0	0	0	3.344	0	0	25.868	-1	0
2016-03-30 22:54:12.754486	20.7932	1.35494540378	1.29348358847	0.178769751124	0.355530746929	1.3832265593376032	3.551793499767075	4.708184418593638	58.0945	24.486289	54.353442	30	0	0	0	0	0	0	0	2.32	0	0	25.868	-1	0
2016-03-30 23:24:15.198435	20.8146	1.35494533594	1.29348355377	0.178769704398	0.355530711493	1.3844194007960298	3.5899002447107136	4.8529072623457425	58.003	24.486289	54.353442	30	0	0	0	0	0	0	0	3.344	0	0	25.868	-1	0
2016-03-30 23:54:17.637131	20.8039	1.3549453804	1.29348358081	0.17876975187	0.355530754043	1.4002040813748653	3.678371761148498	5.010884511576601	57.9954	24.486289	54.353442	30	0	0	0	0	0	0	0	3.344	0	0	26.892	-1	0
2016-03-31 00:24:18.879877	20.7717	1.35494531787	1.29348353635	0.178769679988	0.355530726459	1.4561032213430596	3.901545701690465	5.536528772376009	58.1937	24.486289	54.353442	30	0	0	0	0	0	0	0	2.32	0	0	26.892	-1	0
2016-03-31 00:54:21.167309	20.8039	1.35494513164	1.29348338698	0.178769564068	0.355530657394	2.8110508851310203	5.715297311456246	7.292103457292156	58.1098	24.486289	54.353442	30	0	0	0	0	0	0	0	2.32	0	0	26.892	-1	0
2016-03-31 01:24:22.436190	20.7932	1.35494517019	1.29348344436	0.178769635558	0.355530683033	1.7913067065990034	4.218891189858968	5.5303067660702325	58.2471	24.486289	54.353442	30	0	0	0	0	0	0	0	3.344	0	0	25.868	-1	0
2016-03-31 01:54:24.037611	20.8254	1.35494499673	1.29348329098	0.178769528775	0.355530604	1.5224289366441863	3.963521133565091	5.151009345742882	58.0945	24.486289	54.353442	30	0	0	0	0	0	0	0	2.32	0	0	25.868	-1	0
2016-03-31 02:24:25.435636	20.761	1.35494490748	1.29348322729	0.178769461941	0.355530613717	1.4210823179614889	3.7291475104720924	4.859465197666233	58.476	24.486289	54.353442	30	0	0	0	0	0	0	0	3.344	0	0	25.868	-1	0
2016-03-31 02:54:27.677752	20.7396	1.35494491642	1.29348321725	0.17876942738	0.355530573802	1.4318659474422946	3.8090061632662837	4.976679017998763	58.5065	24.486289	54.353442	30	0	0	0	0	0	0	0	3.344	0	0	27.916	-1	0
2016-03-31 03:24:29.988242	20.7074	1.35494482089	1.29348318575	0.178769378317	0.355530632016	1.4243865058565033	3.71920604104911	4.67580143369453	58.5828	24.486289	54.353442	30	0	0	0	0	0	0	0	2.32	0	0	25.868	-1	0
2016-03-31 03:54:31.795421	20.7074	1.35494455751	1.29348292354	0.178769204039	0.355530527658	1.4283678211139503	3.755236932335521	4.833098156520953	58.5828	24.486289	54.353442	30	0	0	0	0	0	0	0	2.32	0	0	26.892	-1	0
2016-03-31 04:24:33.102220	20.5787	1.35494433443	1.29348274435	0.178769049408	0.355530494915	1.4326599914439955	3.725880224381792	4.63186093611156	58.9261	24.486289	54.353442	30	0	0	0	0	0	0	0	2.32	0	0	2.308	-1	0
2016-03-31 04:54:34.503717	20.4607	1.35494324398	1.29348196287	0.178768402195	0.355530222859	1.3841516198624866	3.601224670491335	4.480278043814009	59.3152	24.486289	54.353442	30	0	0	0	0	0	0	0	2.32	0	0	2.308	-1	0
2016-03-31 05:24:36.047925	20.332	1.35494224237	1.29348124434	0.1787677422	0.355529986684	1.3864148712925872	3.6077262348461647	4.5025381777658895	59.8035	24.486289	54.353442	30	0	0	0	0	0	0	0	3.344	0	0	4.356	-1	0
2016-03-31 05:54:37.809915	20.2355	1.35494166894	1.29348077856	0.178767318769	0.355529839561	1.3915703280790317	3.570483318447361	4.43120771381982	60.1926	24.486289	54.353442	30	0	0	0	0	0	0	0	2.32	0	0	5.38	-1	0
2016-03-31 06:24:39.167414	20.1711	1.35494128173	1.29348051027	0.17876704618	0.355529740178	1.4167117569554213	3.7209019489768345	4.71515815642743	60.4597	24.486289	54.353442	30	0	0	0	0	0	0	0	2.32	0	0	5.38	-1	0
2016-03-31 06:54:40.462755	20.1604	1.3549409808	1.29348026408	0.178766883117	0.355529685086	1.4120548823689814	3.633426904104799	4.49285585601448	60.4902	24.486289	54.353442	30	0	0	0	0	0	0	0	2.32	0	0	10.5	-1	0
2016-03-31 07:24:42.126792	20.1711	1.35494090604	1.2934802258	0.178766853303	0.355529661649	1.3921513449122163	3.8803758099289136	6.818881860007012	60.4597	24.486289	54.353442	30	0	0	0	0	0	0	0	3.344	0	0	6.412	-1	0
2016-03-31 07:54:43.289844	20.3964	1.35494162158	1.29348074316	0.178767397283	0.35552984147	1.428216312902945	4.809719693175069	13.49815043842351	59.9561	24.486289	54.353442	30	0	0	0	0	0	0	0	1.296	0	0	1.292	-1	0
2016-03-31 08:24:44.563935	20.4178	1.35494229068	1.29348126732	0.17876774337	0.355530035397	1.3047474566254238	3.4543689806138382	5.217235424710943	60.04	24.486289	54.353442	30	0	0	0	0	0	0	0	2.32	0	0	27.908	-1	0
2016-03-31 08:54:45.848984	20.45	1.35494278465	1.293481634	0.178768165305	0.355530128763	1.2634214455776087	3.220629517234404	4.26548626999075	60.2231	24.486289	54.353442	30	0	0	0	0	0	0	0	3.344	0	0	6.412	-1	0
2016-03-31 09:24:47.830350	20.6216	1.35494336146	1.29348207207	0.178768467321	0.355530289014	1.2186775703857247	3.010561252372694	3.67965247558718	59.5975	24.486289	54.353442	30	0	0	0	0	0	0	0	3.344	0	0	4.364	-1	0
2016-03-31 09:54:49.040658	20.6645	1.3549441659	1.29348265235	0.178769016601	0.355530494202	1.1786797809477296	2.965563977497053	3.6385124385312784	59.4907	24.486289	54.353442	30	0	0	0	0	0	0	0	2.32	0	0	18.692	-1	0
2016-03-31 10:24:50.708005	20.6752	1.35494418948	1.29348268905	0.178769049543	0.355530488751	1.208575145832968	2.996864884805009	3.6880186483385295	59.4602	24.486289	54.353442	30	0	0	0	0	0	0	0	2.32	0	0	6.412	-1	0
2016-03-31 10:54:53.078366	20.7396	1.3549445341	1.29348294422	0.1787692516	0.355530537837	1.28181871368423	3.286168117010029	4.353282050841306	59.567	24.486289	54.353442	30	0	0	0	0	0	0	0	2.32	0	0	5.388	-1	0
2016-03-31 11:24:54.888627	20.8254	1.35494535116	1.29348354914	0.17876990038	0.355530771022	1.3901837339761256	3.6951813640019173	5.020040791622362	59.1779	24.486289	54.353442	30	0	0	0	0	0	0	0	2.32	0	0	6.412	-1	0
2016-03-31 11:54:56.153904	20.8039	1.35494571341	1.29348379913	0.178770061422	0.355530846595	1.5151882030009165	4.092671369553318	5.509212294920209	59.2008	24.486289	54.353442	30	0	0	0	0	0	0	0	2.32	0	0	12.556	-1	0
2016-03-31 12:24:58.344898	20.9648	1.35494599445	1.29348399676	0.178770301661	0.355530952538	1.6660520239297807	4.388496242904451	5.946789868793191	58.4226	24.486289	54.353442	30	0	0	0	0	0	0	0	1.296	0	0	6.412	-1	0
2016-03-31 12:55:00.687334	21.0077	1.35494646109	1.29348436631	0.178770495847	0.355531035982	1.8451028552192907	4.8029511649404055	6.193178421823231	58.2776	24.486289	54.353442	30	0	0	0	0	0	0	0	2.32	0	0	6.412	-1	0
2016-03-31 13:25:02.644607	20.997	1.3549465681	1.2934844489	0.178770603844	0.355531073973	1.7458537085951036	4.703208098316264	6.1393211838230215	58.3234	24.486289	54.353442	30	0	0	0	0	0	0	0	2.32	0	0	13.58	-1	0
2016-03-31 13:55:04.451965	20.9755	1.35494654335	1.29348441258	0.178770556607	0.355531064924	1.8028106261940906	4.910774720412197	6.4877968885385044	58.0182	24.486289	54.353442	30	0	0	0	0	0	0	0	2.32	0	0	9.484	-1	0
2016-03-31 14:25:06.884702	20.6967	1.35494560043	1.29348372425	0.178769928646	0.355530840289	1.6314176494288726	4.5709171997901255	7.238474243667704	59.1093	24.486289	54.353442	30	0	0	0	0	0	0	0	2.32	0	0	29.964	-1	0
2016-03-31 14:55:08.573994	20.7503	1.35494538039	1.29348357484	0.17876985383	0.355530775814	1.559333847991455	4.428933094467259	7.132298260772784	58.8727	24.486289	54.353442	30	0	0	0	0	0	0	0	2.32	0	0	29.964	-1	0
2016-03-31 15:25:10.938728	20.8254	1.35494581501	1.29348386303	0.178770115022	0.355530920951	1.638418025607188	4.492482699057054	6.429123529668391	58.4379	24.486289	54.353442	30	0	0	0	0	0	0	0	2.32	0	0	32.012	-1	0
2016-03-31 15:55:12.246827	20.8361	1.35494595758	1.29348396097	0.178770175273	0.355530933271	1.5812394757962598	4.195987889891991	5.89421223067602	58.27	24.486289	54.353442	30	0	0	0	0	0	0	0	2.32	0	0	29.964	-1	0
2016-03-31 16:25:14.136010	20.8361	1.35494599519	1.29348403645	0.178770277675	0.355530956531	1.2771659738968073	3.3086691808471143	4.367634052042605	58.2166	24.486289	54.353442	30	0	0	0	0	0	0	0	2.32	0	0	29.964	-1	0
2016-03-31 16:55:15.793002	20.7717	1.35494576461	1.29348385369	0.178770093649	0.355530878063	1.061601864219506	2.6757569116720177	3.5038211369938006	58.4608	24.486289	54.353442	30	0	0	0	0	0	0	0	2.32	0	0	29.964	-1	0
2016-03-31 17:25:17.524192	20.8361	1.3549457602	1.29348384783	0.178770048984	0.355530899257	0.9617956925470096	2.372947209861857	3.2807034624398814	58.27	24.486289	54.353442	30	0	0	0	0	0	0	0	2.32	0	0	26.892	-1	0
2016-03-31 17:55:19.027194	20.8575	1.35494580327	1.29348388491	0.178770133021	0.355530888899	0.8494714542638806	2.0351926513198215	2.836984661433275	58.2166	24.486289	54.353442	30	0	0	0	0	0	0	0	2.32	0	0	25.868	-1	0
2016-03-31 18:25:21.068888	20.8039	1.35494564426	1.29348374188	0.178769995498	0.355530880063	0.8088533456880547	1.894851402165182	2.637998299431924	58.415	24.486289	54.353442	30	0	0	0	0	0	0	0	2.32	0	0	25.868	-1	0
2016-03-31 18:55:22.406756	20.8146	1.35494546509	1.29348361003	0.178769825642	0.355530832382	0.7538182264914961	1.8253394609288232	2.498040072945292	58.3082	24.486289	54.353442	30	0	0	0	0	0	0	0	2.32	0	0	24.844	-1	0
2016-03-31 19:25:23.942172	20.7288	1.35494530644	1.29348350055	0.178769745829	0.35553078691	0.7570862675555806	1.8487224837835412	2.5390128628754067	58.4226	24.486289	54.353442	30	0	0	0	0	0	0	0	3.344	0	0	23.82	-1	0
2016-03-31 19:55:25.101688	20.6967	1.35494498062	1.2934832667	0.178769590513	0.355530746414	0.7522903967463996	1.923644934767798	2.6934303804007746	58.6286	24.486289	54.353442	30	0	0	0	0	0	0	0	2.32	0	0	24.844	-1	0
2016-03-31 20:25:26.754875	20.7181	1.35494492806	1.29348321181	0.178769554418	0.355530718386	0.8046437497054268	2.1787268286012527	3.048098963225532	58.8727	24.486289	54.353442	30	0	0	0	0	0	0	0	2.32	0	0	23.82	-1	0
2016-03-31 20:55:28.435526	20.7181	1.35494492049	1.29348318766	0.178769493427	0.355530726505	0.814379353685612	2.1802689180296495	2.905893459816847	58.7659	24.486289	54.353442	30	0	0	0	0	0	0	0	1.296	0	0	24.844	-1	0
2016-03-31 21:25:30.872233	20.6859	1.35494468853	1.29348303756	0.178769334508	0.355530671604	0.8816315385584648	2.2440918955907843	3.125357990952198	59.0406	24.486289	54.353442	30	0	0	0	0	0	0	0	2.32	0	0	23.82	-1	0
2016-03-31 21:55:32.467175	20.6645	1.35494470774	1.2934830374	0.178769438044	0.355530634084	0.9613678797936104	2.4175140260326518	3.182689578377874	58.949	24.486289	54.353442	30	0	0	0	0	0	0	0	1.296	0	0	24.844	-1	0
2016-03-31 22:25:34.751687	20.6752	1.35494466693	1.2934830282	0.178769372166	0.35553066251	1.0893160762739251	2.7596800469258835	3.698968019446678	58.9567	24.486289	54.353442	30	0	0	0	0	0	0	0	2.32	0	0	25.868	-1	0
2016-03-31 22:55:36.686972	20.6216	1.35494465146	1.29348300721	0.17876941691	0.355530656547	1.2344231619647836	3.0671642844452847	4.117242730519756	59.1474	24.486289	54.353442	30	0	0	0	0	0	0	0	2.32	0	0	24.844	-1	0
2016-03-31 23:25:37.936852	20.6967	1.35494473828	1.29348305478	0.178769427326	0.355530652699	1.3459520821303108	3.578275212219783	4.660779509254953	58.5523	24.486289	54.353442	30	0	0	0	0	0	0	0	2.32	0	0	25.868	-1	0
2016-03-31 23:55:40.015711	20.6752	1.35494466381	1.29348299376	0.178769363553	0.355530629978	1.5117433552999469	4.229229772231988	6.034227506913377	58.5523	24.486289	54.353442	30	0	0	0	0	0	0	0	2.32	0	0	26.892	-1	0
2016-04-01 00:25:42.419536	20.6859	1.35494461967	1.29348297647	0.178769359567	0.355530647143	1.6864593820370866	4.549137641515958	6.216894031629055	58.5523	24.486289	54.353442	30	0	0	0	0	0	0	0	3.344	0	0	26.892	-1	0
2016-04-01 00:55:44.172920	20.7181	1.35494453592	1.29348289428	0.178769309514	0.355530641991	1.8544597188072853	4.985814024747344	6.455495991325661	58.4608	24.486289	54.353442	30	0	0	0	0	0	0	0	1.296	0	0	25.868	-1	0
2016-04-01 01:25:46.581444	20.6216	1.35494430301	1.29348274745	0.178769172095	0.355530560722	2.025922882750895	5.424588333396517	6.8905649335074	58.8193	24.486289	54.353442	30	0	0	0	0	0	0	0	2.32	0	0	24.844	-1	0
2016-04-01 01:55:48.465258	20.5894	1.35494406081	1.29348254435	0.178768996495	0.355530542586	2.09443029494395	5.733438289050787	7.230345390180055	58.888	24.486289	54.353442	30	0	0	0	0	0	0	0	2.32	0	0	27.916	-1	0
2016-04-01 02:25:49.995248	20.643	1.35494404641	1.29348252242	0.178769036277	0.355530532724	1.967953545177186	5.451546533737775	6.797134141583164	58.5828	24.486289	54.353442	30	0	0	0	0	0	0	0	2.32	0	0	26.892	-1	0
2016-04-01 02:55:52.340606	20.6645	1.35494411305	1.29348260871	0.178769103858	0.355530571254	1.9248902581075136	5.3114377900814675	6.735435491840016	58.5752	24.486289	54.353442	30	0	0	0	0	0	0	0	2.32	0	0	25.868	-1	0
2016-04-01 03:25:53.567568	20.4178	1.35494375919	1.29348230805	0.178768806796	0.355530420333	1.9212697216707366	5.381806814520559	6.971692653694125	59.5136	24.486289	54.353442	30	0	0	0	0	0	0	0	2.32	0	0	4.356	-1	0
2016-04-01 03:55:55.270371	20.2784	1.35494282581	1.29348163299	0.178768191137	0.355530217006	1.8850678074456955	5.268087028398239	6.721702527858698	59.6815	24.486289	54.353442	30	0	0	0	0	0	0	0	2.32	0	0	3.332	-1	0
2016-04-01 04:25:56.691768	20.1926	1.35494220875	1.29348114643	0.178767847076	0.355530041437	1.795969633240774	4.968068848796283	6.317142265624774	59.9485	24.486289	54.353442	30	0	0	0	0	0	0	0	2.32	0	0	3.332	-1	0
2016-04-01 04:55:58.146841	20.0853	1.3549415034	1.29348065044	0.178767404796	0.355529910633	1.6739593438533922	4.740850276279944	6.038338899083	60.3986	24.486289	54.353442	30	0	0	0	0	0	0	0	2.32	0	0	4.356	-1	0
2016-04-01 05:26:00.406333	20.0639	1.35494106604	1.29348032936	0.178767062496	0.355529777898	1.8004147897465506	5.085002570660532	6.340490864436773	60.4139	24.486289	54.353442	30	0	0	0	0	0	0	0	2.32	0	0	5.38	-1	0
2016-04-01 05:56:02.841406	19.9995	1.3549407666	1.29348008001	0.178766866003	0.355529758053	1.7645575747599263	4.9181784177143895	6.154697011296566	60.6733	24.486289	54.353442	30	0	0	0	0	0	0	0	2.32	0	0	5.38	-1	0
2016-04-01 06:26:05.216787	19.9674	1.35494040203	1.29347979677	0.17876660318	0.355529632286	1.5460629508604664	4.39470835550297	5.536360754504711	60.7648	24.486289	54.353442	30	0	0	0	0	0	0	0	2.32	0	0	6.404	-1	0
2016-04-01 06:56:06.366726	19.8816	1.35494007822	1.29347956413	0.178766398704	0.355529602976	1.4473991362277354	4.178656961986703	5.291587113539966	61.1158	24.486289	54.353442	30	0	0	0	0	0	0	0	1.296	0	0	7.428	-1	0
2016-04-01 07:26:07.687571	19.903	1.35493982343	1.29347936409	0.178766281184	0.355529533511	1.3569083553080554	3.9580767379258845	4.960400067462822	61.0013	24.486289	54.353442	30	0	0	0	0	0	0	0	2.32	0	0	7.428	-1	0
2016-04-01 07:56:09.189131	19.8494	1.35493958627	1.2934792106	0.178766106335	0.355529479498	1.2082293024996666	3.533995117195265	4.492996308381781	61.6422	24.486289	54.353442	30	0	0	0	0	0	0	0	2.32	0	0	7.428	-1	0
2016-04-01 08:26:11.627381	19.8279	1.35493939943	1.29347907038	0.178766003353	0.35552942364	1.2402964687779459	3.6876010621881345	4.696065547550924	61.5278	24.486289	54.353442	30	0	0	0	0	0	0	0	2.32	0	0	15.62	-1	0
2016-04-01 08:56:13.337364	19.8065	1.3549390774	1.29347884094	0.178765864018	0.355529346145	1.286309873766585	3.9251894478794385	5.161671413526458	61.5507	24.486289	54.353442	30	0	0	0	0	0	0	0	2.32	0	0	17.668	-1	0
2016-04-01 09:26:14.702981	19.7958	1.35493891831	1.29347867786	0.178765671639	0.355529337913	1.2972940612421664	4.010360884807623	5.195116088400939	61.5049	24.486289	54.353442	30	0	0	0	0	0	0	0	2.32	0	0	18.692	-1	0
2016-04-01 09:56:16.252601	19.7529	1.3549388324	1.2934786447	0.178765688899	0.355529278936	1.2217254196600416	3.8737240010592604	5.057490969083646	61.3828	24.486289	54.353442	30	0	0	0	0	0	0	0	1.296	0	0	27.908	0	0
2016-04-01 10:26:17.681853	19.8923	1.35493869472	1.29347855152	0.178765620381	0.355529253492	1.1354078550765816	3.6016323193190805	4.877559187939924	60.7191	24.486289	54.353442	30	0	0	0	0	0	0	0	2.32	0	0	9.484	-1	0
2016-04-01 10:56:19.978457	19.9245	1.35493959287	1.29347920828	0.178766148267	0.355529521843	0.8059442806988955	2.4613240201070288	3.2190335533146324	60.2079	24.486289	54.353442	30	0	0	0	0	0	0	0	2.32	0	0	1.284	-1	0
2016-04-01 11:26:21.547389	19.8387	1.35493946617	1.29347911577	0.178766039661	0.355529477819	0.6158592859124538	1.7379785763123228	2.212867779446301	60.3223	24.486289	54.353442	30	0	0	0	0	0	0	0	2.32	0	0	18.7	-1	0
2016-04-01 11:56:23.577876	20.0317	1.3549394648	1.29347915673	0.178766125018	0.355529471108	0.48516073026353124	1.3148481066081588	1.6861495875031705	59.8493	24.486289	54.353442	30	0	0	0	0	0	0	0	2.32	0	0	1.292	-1	0
2016-04-01 12:26:25.202569	20.1175	1.35494046283	1.29347985138	0.178766759953	0.355529730225	0.4460099318308093	1.1298800194587733	1.5253863351972432	59.0482	24.486289	54.353442	30	0	0	0	0	0	0	0	1.296	0	0	30.988	-1	0
2016-04-01 12:56:26.723406	20.1282	1.35494090826	1.29348020509	0.178767007203	0.355529854905	0.4138717629087139	1.0667853183785163	1.423714358229976	58.9033	24.486289	54.353442	30	0	0	0	0	0	0	0	2.32	0	0	32.012	-1	0
2016-04-01 13:26:28.298173	20.1711	1.35494108272	1.29348032859	0.178767060301	0.355529874071	0.39421352803663	1.0529691724673322	1.4520752738629068	59.0101	24.486289	54.353442	30	0	0	0	0	0	0	0	2.32	0	0	29.964	-1	0
2016-04-01 13:56:29.521184	20.1068	1.35494116515	1.29348039656	0.17876710178	0.355529883938	0.4320592837233088	1.061692800405928	1.7171797540444167	58.9109	24.486289	54.353442	30	0	0	0	0	0	0	0	2.32	0	0	32.012	-1	0
2016-04-01 14:26:30.707086	20.2677	1.35494130014	1.29348047257	0.178767263137	0.355529921773	0.38923333448806297	0.9635447307427725	1.3390424482055285	58.5523	24.486289	54.353442	30	0	0	0	0	0	0	0	1.296	0	0	30.988	-1	0
2016-04-01 14:56:32.725012	20.2033	1.35494153161	1.29348066677	0.178767426404	0.355529976318	0.41062700160007665	0.9273177959041451	1.15602892114168	58.5905	24.486289	54.353442	30	0	0	0	0	0	0	0	1.296	0	0	27.916	-1	0
2016-04-01 15:26:34.565517	20.2033	1.35494155116	1.29348072233	0.178767469236	0.355529974797	0.4138496402157491	0.939245916820296	1.2531741551729505	58.4608	24.486289	54.353442	30	0	0	0	0	0	0	0	2.32	0	0	28.94	-1	0
2016-04-01 15:56:36.337300	20.214	1.35494151642	1.29348066444	0.178767350172	0.355529985177	0.44611929327823074	1.0250500162482967	1.5680682748875998	58.4302	24.486289	54.353442	30	0	0	0	0	0	0	0	1.296	0	0	29.964	-1	0
2016-04-01 16:26:38.644396	20.2677	1.3549418615	1.29348089379	0.178767631643	0.355530077971	0.4355976128366572	0.9839116075522536	1.877642943865493	58.0411	24.486289	54.353442	30	0	0	0	0	0	0	0	1.296	0	0	28.94	-1	0
2016-04-01 16:56:40.506194	20.2784	1.35494214048	1.29348113095	0.178767868819	0.35553013127	0.41427851115924885	0.97045480116904	1.9335081896501325	57.446	24.486289	54.353442	30	0	0	0	0	0	0	0	2.32	0	0	27.916	-1	0
2016-04-01 17:26:41.972009	20.2677	1.35494227681	1.29348119402	0.178767905376	0.355530166296	0.4351579306700951	1.025283545294265	1.780275435871455	57.9114	24.486289	54.353442	30	0	0	0	0	0	0	0	2.32	0	0	27.916	-1	0
2016-04-01 17:56:43.693372	20.2677	1.35494213723	1.29348111387	0.178767986054	0.355530121503	0.4390683955341291	1.0479416314438041	2.983416854251565	58.3158	24.486289	54.353442	30	0	0	0	0	0	0	0	2.32	0	0	27.916	-1	0
2016-04-01 18:26:45.387180	20.4178	1.35494285464	1.29348165205	0.178768502569	0.355530347739	0.45163722326365513	1.0579562323632548	2.6050264203271585	58.0488	24.486289	54.353442	30	0	0	0	0	0	0	0	1.296	0	0	25.868	-1	0
2016-04-01 18:56:47.337040	20.4607	1.35494304901	1.29348179088	0.178768812731	0.355530341208	0.47938046022025327	1.1628250694391817	3.0941011680001953	57.8504	24.486289	54.353442	30	0	0	0	0	0	0	0	1.296	0	0	26.892	-1	0
2016-04-01 19:26:48.917784	20.4822	1.3549435636	1.29348217108	0.178768909003	0.355530525392	0.5072333435193642	1.27064638785869	2.7619813382460134	57.5605	24.486289	54.353442	30	0	0	0	0	0	0	0	1.296	0	0	23.82	-1	0
2016-04-01 19:56:50.396016	20.4929	1.35494369623	1.29348226576	0.178768925984	0.355530551198	0.48789613412143035	1.1816167187064246	2.064662279904462	57.0875	24.486289	54.353442	30	0	0	0	0	0	0	0	2.32	0	0	25.868	-1	0
2016-04-01 20:26:51.598608	20.4071	1.35494307124	1.29348178051	0.178768426301	0.355530405933	0.4360626074923223	1.0569844003532394	1.565734588574869	57.2935	24.486289	54.353442	30	0	0	0	0	0	0	0	1.296	0	0	26.892	-1	0
2016-04-01 20:56:53.125288	20.3642	1.35494270315	1.29348155073	0.178768232805	0.355530312498	0.4282083724143547	1.0135593798361735	1.3870249175798177	57.3621	24.486289	54.353442	30	0	0	0	0	0	0	0	1.296	0	0	26.892	-1	0
2016-04-01 21:26:55.190073	20.3213	1.35494254389	1.29348136147	0.178768071155	0.355530282405	0.410722879081215	0.950176668347868	1.345299637088409	57.4918	24.486289	54.353442	30	0	0	0	0	0	0	0	1.296	0	0	26.892	-1	0
2016-04-01 21:56:57.172540	20.2462	1.35494215114	1.29348109481	0.178767879171	0.355530178117	0.4120330719839363	0.9681693386705317	1.285775842233258	57.858	24.486289	54.353442	30	0	0	0	0	0	0	0	2.32	0	0	26.892	-1	0
2016-04-01 22:26:58.618184	20.3213	1.35494211757	1.29348110853	0.17876796519	0.355530164462	0.434963114697522	1.0313844480375993	1.576379898651541	57.7817	24.486289	54.353442	30	0	0	0	0	0	0	0	1.296	0	0	25.868	-1	0
Time	Temp	CO	O3	SO2	NO2	PM1	PM2.5	PM10	Humidity	Latitude	Longitude	Altitude	Speed	Climb	Heading	EPS	EPX	EPV	EPT	BATV	BATI	BATP	SOLV	SOLI	SOLP
Time	Temp	CO	O3	SO2	NO2	PM1	PM2.5	PM10	Humidity	Latitude	Longitude	Altitude	Speed	Climb	Heading	EPS	EPX	EPV	EPT	BATV	BATI	BATP	SOLV	SOLI	SOLP
Time	Temp	CO	O3	SO2	NO2	PM1	PM2.5	PM10	Humidity	Latitude	Longitude	Altitude	Speed	Climb	Heading	EPS	EPX	EPV	EPT	BATV	BATI	BATP	SOLV	SOLI	SOLP
Time	Temp	CO	O3	SO2	NO2	PM1	PM2.5	PM10	Humidity	Latitude	Longitude	Altitude	Speed	Climb	Heading	EPS	EPX	EPV	EPT	BATV	BATI	BATP	SOLV	SOLI	SOLP
2016-06-06 18:05:30.607811	26.6813	1.66966208526	1.29459375758	0.447143725962	0.355891601431				45.5366	24.486289	54.353442	30	0	0	0	0	0	0	0	22.796	-1	0	9.476	-1	0
2016-06-06 18:05:42.738881	26.6598	1.66965369584	1.29459276061	0.447139704861	0.355893244949				45.5137	24.486289	54.353442	30	0	0	0	0	0	0	0	21.772	-1	0	8.452	0	0
2016-06-06 18:05:54.846871	26.6062	1.66966398034	1.29459703333	0.447139983707	0.355892053872				45.4908	24.486289	54.353442	30	0	0	0	0	0	0	0	21.772	-1	0	9.476	0	0
2016-06-06 18:07:33.468034	26.4131	1.66962634852	1.29456612424	0.4471433961	0.355878998316				46.4521	24.486289	54.353442	30	0	0	0	0	0	0	0	22.796	-1	0	8.452	0	0
2016-06-06 18:07:45.517826	26.4024	1.66962537509	1.29457634394	0.447145389423	0.355888882576				46.2842	24.486289	54.353442	30	0	0	0	0	0	0	0	22.796	-1	0	8.452	0	0
2016-06-06 18:07:57.570102	26.381	1.66962060614	1.29457516061	0.447142674145	0.355884065657				46.3376	24.486289	54.353442	30	0	0	0	0	0	0	0	21.772	-1	0	9.476	0	0
2016-06-06 18:13:34.160043	25.7589	1.66960426312	1.29454613182	0.447152670673	0.355867039141				47.7949	24.486289	54.353442	30	0	0	0	0	0	0	0	21.772	-1	0	9.476	0	0
2016-06-06 18:13:38.171533	25.7482	1.66961075746	1.29454929091	0.447155421474	0.355876957071				47.8635	24.486289	54.353442	30	0	0	0	0	0	0	0	22.796	-1	0	9.476	0	0
2016-06-06 18:13:42.177277	25.7375	1.66960442923	1.29454908182	0.447142267628	0.355857392677				47.8635	24.486289	54.353442	30	0	0	0	0	0	0	0	22.796	-1	0	9.476	0	0
2016-06-06 18:13:46.194687	25.7482	1.66959989069	1.29455194545	0.447143069712	0.35587854798				47.8635	24.486289	54.353442	30	0	0	0	0	0	0	0	21.772	-1	0	9.476	0	0
2016-06-06 18:13:50.208102	25.7375	1.66959538966	1.29455682727	0.447156899038	0.355899356061				47.8406	24.486289	54.353442	30	0	0	0	0	0	0	0	21.772	-1	0	9.476	0	0
2016-06-06 18:13:54.222456	25.7267	1.6695883702	1.29455396818	0.447149069712	0.355889255051				47.8559	24.486289	54.353442	30	0	0	0	0	0	0	0	21.772	-1	0	9.476	0	0
2016-06-06 18:13:58.252441	25.7375	1.66958767897	1.29455307273	0.447154525641	0.355890631313				47.894	24.486289	54.353442	30	0	0	0	0	0	0	0	21.772	-1	0	9.476	0	0
2016-06-06 18:16:25.004464	25.5551	1.66959890475	1.29454696364	0.447152750801	0.355864734848				48.3365	24.486289	54.353442	30	0	0	0	0	0	0	0	22.796	0	0	9.476	0	0
2016-06-06 18:16:29.008698	25.5551	1.6696051151	1.29454969091	0.447151510417	0.355856281566				48.3594	24.486289	54.353442	30	0	0	0	0	0	0	0	21.772	-1	0	9.476	0	0
2016-06-06 18:16:33.018034	25.5444	1.66961125043	1.29454382727	0.447162173077	0.355863737374				48.451	24.486289	54.353442	30	0	0	0	0	0	0	0	22.796	-1	0	9.476	0	0
2016-06-06 18:16:37.028819	25.5337	1.66960747814	1.29454763636	0.447152467949	0.355861382576				48.512	24.486289	54.353442	30	0	0	0	0	0	0	0	21.772	-1	0	9.476	0	0
