Time	OXA	OXB	SO2A	SO2B	NO2A	NO2B	NOA	NOB	COA	COB	H2SA	H2SB	PM10
0	41	42	1	1	11	12	1	2	0	0	6	6	8
1	40	44	2	2	11	14	1	3	0	0	6	7	10
2	39	43	1	1	10	14	0	5	0	0	7	8	11
3	38	44	1	0	9	14	1	6	0	0	7	10	12
4	37	45	0	1	9	15	2	6	0	0	7	11	13
5	38	46	0	0	10	17	2	7	0	0	6	12	13
6	39	47	1	1	9	16	1	9	0	0	6	13	15
7	40	47	0	1	8	16	2	11	0	0	6	14	14
8	40	48	1	2	9	16	2	13	0	0	6	14	14
9	41	48	2	1	10	17	3	14	0	0	6	15	14
10	41	47	1	2	9	17	3	16	0	0	6	14	13
11	42	47	0	3	9	18	3	16	0	0	5	15	13
12	43	48	1	5	10	17	2	17	0	0	6	14	15
13	42	50	0	7	9	17	3	18	0	0	5	15	15
14	41	50	1	9	10	19	4	19	0	0	5	17	15
15	40	52	2	8	11	19	4	19	0	0	4	16	14
16	39	54	1	9	12	20	4	19	0	0	3	15	13
17	40	54	2	8	12	19	5	21	0	0	4	17	13
18	41	54	1	10	13	20	4	23	0	0	4	17	15
19	41	53	2	11	14	19	3	23	0	0	4	19	17
20	41	53	2	10	13	18	4	23	0	0	4	20	16
21	42	55	3	11	14	17	3	24	0	0	5	21	17
22	42	56	4	13	13	16	3	26	0	0	5	21	18
23	42	56	4	14	13	16	4	26	0	0	5	23	18
24	43	56	5	15	14	17	4	26	0	0	5	25	19
25	44	55	6	15	14	17	3	26	0	0	5	24	18
26	45	56	7	15	15	17	2	27	0	0	6	23	19
27	45	58	8	14	14	19	3	29	0	0	7	23	19
28	45	59	8	15	13	21	2	31	0	0	7	22	18
29	44	61	9	16	12	21	2	32	0	0	7	24	19
30	45	61	10	18	11	20	3	32	0	0	7	26	19
31	46	63	10	19	12	19	4	34	0	0	7	28	21
32	46	65	10	18	11	19	4	36	0	0	8	29	20
33	45	65	11	20	12	20	4	36	0	0	8	31	20
34	46	66	11	20	12	19	3	38	0	0	8	30	22
35	45	65	11	19	12	18	4	37	0	0	8	32	21
36	45	64	10	20	11	20	4	37	0	0	9	33	23
37	46	65	10	22	10	19	5	36	0	0	8	33	22
38	46	64	9	22	10	20	4	36	0	0	8	34	23
39	47	66	8	24	9	21	3	36	0	0	8	36	24
40	47	68	7	25	9	20	2	35	0	0	7	35	23
41	47	69	7	25	9	20	3	35	0	0	8	37	25
42	46	70	6	27	10	22	4	37	0	0	8	39	25
43	45	71	6	29	11	23	4	38	0	0	9	39	25
44	46	73	5	31	10	25	5	40	0	0	10	41	27
45	45	72	5	32	11	25	4	39	0	0	9	40	27
46	44	72	4	31	10	27	3	41	0	0	9	40	28
47	44	71	3	30	10	28	3	41	0	0	9	40	27
48	44	71	2	29	9	28	3	43	0	0	8	41	28
49	44	72	2	29	9	30	2	42	0	0	8	42	27
50	45	73	1	28	8	32	2	44	0	0	9	43	29
51	46	73	0	29	9	32	3	46	0	0	10	43	30
52	45	74	0	29	8	34	3	46	0	0	11	42	29
53	44	76	0	29	9	33	3	48	0	0	11	44	31
54	43	78	1	31	9	33	2	47	0	0	10	43	33
55	43	78	1	32	10	33	3	47	0	0	11	45	35
56	44	78	1	33	11	33	3	47	0	0	12	45	36
57	45	78	0	33	10	33	2	47	0	0	13	45	38
58	44	77	1	34	10	33	3	46	0	0	13	46	40
59	45	79	2	36	9	34	2	48	0	0	13	46	41
60	46	78	2	38	10	36	1	50	0	0	12	48	43
61	47	77	1	38	10	35	0	51	0	0	11	50	44
62	48	77	2	39	10	37	1	53	0	0	12	50	44
63	47	79	3	41	11	36	0	53	0	0	13	51	43
64	48	81	3	40	12	35	0	53	0	0	13	50	44
65	47	80	4	41	11	37	1	53	0	0	14	49	44
66	46	82	5	41	12	38	2	54	0	0	13	48	45
67	47	82	4	41	13	37	2	54	0	0	13	50	45
68	47	81	3	40	12	36	3	55	0	0	12	51	45
69	47	80	2	42	11	36	3	56	0	0	12	52	45
70	46	82	3	44	11	38	2	56	0	0	13	54	44
71	46	83	2	44	10	39	2	55	0	0	14	53	45
72	45	85	3	43	9	39	1	55	0	0	14	54	46
73	45	84	3	45	8	38	0	55	0	0	14	55	46
74	46	84	3	44	9	39	1	56	0	0	13	54	46
75	45	84	3	44	9	41	0	56	0	0	13	54	45
76	44	85	4	43	8	42	0	55	0	0	12	53	46
77	45	86	4	43	8	42	1	57	0	0	12	55	47
78	45	88	5	43	9	43	0	59	0	0	13	57	46
79	46	88	4	45	10	44	1	58	0	0	13	56	48
80	45	87	4	44	11	46	2	60	0	0	13	56	49
81	46	88	5	43	12	48	3	62	0	0	14	58	50
82	46	87	6	44	12	49	3	63	0	0	14	59	49
83	47	89	6	44	12	49	3	64	0	0	14	58	50
84	46	88	5	46	12	51	3	65	0	0	15	59	49
85	45	89	4	47	13	50	3	64	0	0	14	59	49
86	45	88	4	46	14	49	2	65	0	0	13	59	49
87	45	89	5	46	13	50	2	66	0	0	14	59	48
88	44	88	6	47	12	52	2	68	0	0	15	58	47
89	44	90	6	49	12	54	2	67	0	0	16	58	47
90	43	90	7	50	11	55	3	69	0	0	16	57	47
91	42	92	6	51	10	54	2	71	0	0	17	58	47
92	42	93	6	51	9	56	1	71	0	0	18	60	48
93	43	93	5	51	8	55	0	71	0	0	19	60	50
94	42	92	4	51	9	54	1	71	0	0	20	60	52
95	42	91	4	51	10	56	1	70	0	0	21	62	54
96	42	90	3	51	11	57	0	70	0	0	20	62	55
97	42	91	3	50	12	59	1	71	0	0	20	61	56
98	43	92	4	49	12	59	0	72	0	0	19	61	55
99	43	93	4	50	11	58	1	71	0	0	20	63	54
100	43	93	4	50	10	60	1	71	0	0	20	63	55
101	44	95	4	50	9	59	2	73	0	0	20	63	54
102	43	97	5	50	8	60	1	72	0	0	21	62	56
103	43	96	6	49	7	61	2	72	0	0	22	61	55
104	42	95	5	48	8	62	1	73	0	0	21	61	55
105	41	94	4	50	9	61	2	74	0	0	20	60	56
106	42	95	3	52	10	62	3	75	0	0	21	61	55
107	43	97	2	51	11	61	2	76	0	0	21	60	57
108	44	97	1	50	11	60	1	78	0	0	20	60	57
109	43	98	2	50	10	62	0	78	0	0	20	62	56
110	42	98	1	50	11	62	1	80	0	0	20	62	57
111	43	99	2	52	10	62	2	79	0	0	19	62	56
112	43	101	3	53	9	63	3	79	0	0	18	64	56
113	43	102	2	55	8	65	3	80	0	0	18	63	55
114	43	103	1	55	7	66	2	80	0	0	17	62	54
115	44	105	1	54	7	65	2	82	0	0	18	64	55
116	43	105	2	56	8	67	1	82	0	0	19	66	57
117	44	104	1	56	8	66	1	82	0	0	20	68	57
118	45	103	0	56	8	65	1	82	0	0	21	69	58
119	46	104	0	58	8	67	1	83	0	0	20	68	60
120	47	103	1	58	9	66	1	84	0	0	21	70	59
121	47	103	2	60	10	65	1	84	0	0	20	71	61
122	46	105	2	59	10	65	0	85	0	0	21	71	62
123	46	107	3	58	11	67	1	87	0	0	22	72	64
124	46	107	4	58	12	66	1	86	0	0	21	73	66
125	45	108	3	58	11	65	0	86	0	0	22	75	68
126	46	108	3	59	11	66	1	88	0	0	21	75	69
127	46	110	3	60	10	67	2	89	0	0	20	75	70
128	45	112	4	61	11	66	2	91	0	0	20	76	70
129	46	113	4	60	10	65	3	92	0	0	21	75	71
130	45	115	5	59	11	66	4	94	0	0	22	74	72
131	45	116	4	61	11	68	3	96	0	0	21	74	72
132	44	117	5	63	11	68	4	96	0	0	21	73	71
133	45	118	5	62	10	68	3	96	0	0	20	75	72
134	44	119	6	62	11	70	2	96	0	0	19	75	74
135	45	121	5	63	12	72	1	98	0	0	19	74	76
136	44	123	4	63	12	74	1	99	0	0	20	73	75
137	43	122	4	62	13	74	1	98	0	0	20	72	76
138	42	122	3	63	14	75	1	97	0	0	21	74	75
139	43	121	2	65	13	75	1	97	0	0	20	74	77
140	43	120	2	66	13	77	2	97	0	0	21	75	78
141	43	119	3	68	12	78	1	97	0	0	20	76	79
142	43	118	2	70	12	80	0	96	0	0	20	78	80
143	44	119	3	72	13	81	1	97	0	0	20	79	81
144	44	120	3	74	12	81	2	99	0	0	20	81	82
145	44	122	2	73	12	82	1	98	0	0	20	82	82
146	45	123	1	74	13	83	2	99	0	0	21	84	81
147	46	122	1	75	12	82	3	98	0	0	20	83	82
148	45	121	2	74	13	82	3	100	0	0	21	82	82
149	44	120	2	73	13	83	2	100	0	0	20	81	82
150	44	121	1	75	14	85	1	101	0	0	20	80	84
151	43	122	1	74	13	84	0	103	0	0	19	80	84
152	43	123	0	75	14	83	0	102	0	0	20	80	85
153	44	125	0	77	14	82	1	103	0	0	20	82	86
154	44	124	0	79	14	81	2	105	0	0	21	82	88
155	44	124	0	79	15	80	1	107	0	0	22	84	89
156	45	123	1	78	14	82	2	106	0	0	21	86	90
157	45	122	2	79	14	82	2	105	0	0	22	87	91
158	45	123	3	81	13	84	3	107	0	0	21	86	92
159	45	123	2	81	13	86	4	108	0	0	22	88	94
160	46	124	3	80	12	87	4	109	0	0	21	89	96
161	47	126	4	81	12	88	4	109	0	0	21	88	96
162	47	127	5	80	12	90	4	110	0	0	22	88	95
163	46	126	6	82	11	89	5	111	0	0	22	90	94
164	47	127	5	81	12	90	4	112	0	0	23	91	93
165	48	127	6	81	13	92	4	113	0	0	23	93	92
166	48	128	7	80	13	91	5	115	0	0	22	92	92
167	49	127	7	81	13	91	5	115	0	0	22	94	91
168	48	129	6	80	13	93	6	117	0	0	23	96	92
169	48	130	6	80	13	92	7	118	0	0	24	96	94
170	48	129	6	81	13	94	8	117	0	0	25	96	94
171	48	130	5	83	12	93	7	119	0	0	26	95	96
172	47	131	5	85	11	93	8	119	0	0	27	97	97
173	46	133	5	85	12	92	8	119	0	0	26	97	98
174	45	135	4	87	12	92	8	119	0	0	27	96	97
175	46	137	3	87	11	92	9	120	0	0	27	98	97
176	46	138	4	88	10	91	10	122	0	0	27	99	98
177	45	137	3	88	11	90	9	124	0	0	26	100	97
178	45	138	4	88	10	91	9	123	0	0	27	99	99
179	46	139	5	90	11	91	8	125	0	0	27	100	101
180	45	139	5	89	12	90	8	125	0	0	28	101	102
181	44	138	4	90	11	91	8	124	0	0	29	100	104
182	43	140	5	91	11	93	7	126	0	0	28	100	103
183	44	139	4	92	10	95	7	127	0	0	29	100	103
184	44	139	3	93	11	95	6	128	0	0	29	101	103
185	44	139	3	95	12	94	6	130	0	0	29	100	104
186	44	138	3	94	12	95	7	129	0	0	28	100	105
187	44	140	4	95	13	96	7	130	0	0	29	100	105
188	44	140	4	94	14	95	6	131	0	0	28	101	107
189	44	141	3	94	14	97	5	132	0	0	28	100	107
190	44	141	3	96	13	99	6	134	0	0	28	102	106
191	44	143	2	97	12	99	7	135	0	0	28	102	108
192	45	145	3	99	11	101	8	135	0	0	27	101	108
193	45	146	3	98	11	102	8	135	0	0	27	100	109
194	45	147	4	100	11	101	9	135	0	0	28	100	111
195	44	147	4	102	10	103	10	134	0	0	29	102	110
196	44	147	4	101	10	105	10	135	0	0	29	104	112
197	44	147	3	103	11	105	10	134	0	0	29	104	111
198	43	146	2	105	12	104	10	133	0	0	30	103	112
199	43	146	1	106	11	105	9	132	0	0	31	102	112
200	42	145	2	106	10	107	10	131	0	0	31	103	113
201	43	146	2	106	10	108	10	133	0	0	30	105	115
202	43	147	3	105	10	110	9	132	0	0	31	107	114
203	43	149	3	106	9	111	9	132	0	0	30	108	113
204	42	150	3	106	10	112	9	132	0	0	31	109	112
205	43	149	2	105	9	111	10	134	0	0	32	108	111
206	44	151	3	107	9	110	9	135	0	0	31	107	111
207	44	152	3	109	10	111	8	136	0	0	30	109	110
208	44	154	4	110	11	113	9	136	0	0	30	108	112
209	43	156	5	110	10	113	9	136	0	0	29	109	111
210	44	156	5	112	11	115	8	138	0	0	28	110	113
211	45	156	6	112	11	114	9	139	0	0	28	112	113
212	44	157	5	114	10	116	9	138	0	0	28	113	113
213	44	157	5	114	11	118	10	138	0	0	29	115	114
214	44	158	4	116	11	119	10	138	0	0	29	117	113
215	44	158	3	115	11	119	10	139	0	0	29	119	113
216	45	159	3	115	10	120	11	141	0	0	29	118	115
217	45	159	2	115	9	120	11	143	0	0	30	118	117
218	46	159	1	115	10	121	11	142	0	0	29	120	116
219	45	159	1	117	9	122	12	144	0	0	30	120	115
220	45	160	0	116	9	122	12	144	0	0	29	120	117
221	44	162	1	117	10	121	12	146	0	0	30	119	119
222	43	164	1	116	9	120	11	145	0	0	30	119	121
223	43	164	1	116	8	119	10	145	0	0	29	120	120
224	44	163	2	118	7	120	11	146	0	0	29	120	121
225	44	162	3	120	6	121	10	145	0	0	28	121	121
226	44	162	3	119	6	121	11	145	0	0	28	122	122
227	43	164	4	119	6	121	12	146	0	0	28	123	123
228	44	164	5	120	7	123	12	148	0	0	29	125	123
229	43	164	5	121	6	122	13	148	0	0	30	127	124
230	42	165	5	122	6	123	12	150	0	0	31	128	123
231	42	165	6	122	6	122	13	150	0	0	31	130	123
232	41	164	6	122	5	124	13	152	0	0	32	131	124
233	41	164	7	122	6	126	13	153	0	0	31	130	123
234	42	165	7	123	6	127	14	153	0	0	30	130	122
235	41	164	7	124	5	127	15	153	0	0	30	132	124
236	42	164	7	126	4	126	15	152	0	0	29	132	126
237	43	163	8	126	5	127	14	153	0	0	28	133	128
238	42	163	9	125	5	129	13	154	0	0	27	133	129
239	41	162	9	125	5	128	12	154	0	0	28	132	131
240	42	164	10	127	5	129	12	153	0	0	29	134	131
241	41	164	10	128	5	129	11	155	0	0	28	134	133
242	40	165	9	130	5	129	10	154	0	0	27	133	134
243	40	166	8	129	5	129	11	156	0	0	28	134	135
244	40	167	7	128	6	129	12	155	0	0	27	134	136
245	40	166	6	128	6	129	13	155	0	0	28	134	138
246	40	167	5	130	5	130	12	156	0	0	28	133	139
247	39	168	6	130	6	129	12	156	0	0	28	132	141
248	40	168	6	129	6	131	12	157	0	0	28	133	143
249	41	168	6	128	7	131	13	159	0	0	29	135	145
250	41	167	5	127	8	132	12	161	0	0	30	135	147
251	41	167	5	126	9	134	11	163	0	0	31	136	148
252	40	169	5	128	10	134	10	163	0	0	32	138	148
253	39	170	4	127	10	134	11	163	0	0	31	138	150
254	39	169	4	129	11	134	12	165	0	0	31	140	152
255	40	168	5	130	12	134	12	167	0	0	31	141	152
256	41	169	6	132	11	136	12	167	0	0	32	142	151
257	40	168	5	133	11	136	13	167	0	0	33	142	153
258	39	169	4	133	10	138	13	169	0	0	33	142	155
259	40	170	4	135	9	139	14	170	0	0	32	142	156
260	41	171	5	136	10	141	13	170	0	0	33	143	156
261	42	173	6	137	11	141	14	169	0	0	34	145	156
262	43	175	6	139	10	142	13	171	0	0	34	145	155
263	42	176	6	138	11	141	14	171	0	0	34	145	155
264	42	175	5	139	12	143	15	170	0	0	33	146	155
265	41	176	6	141	12	145	14	171	0	0	32	145	155
266	40	177	5	143	12	147	13	172	0	0	33	144	156
267	40	178	4	143	13	149	12	171	0	0	32	144	157
268	39	180	5	144	13	149	13	173	0	0	33	143	157
269	40	182	5	145	13	151	14	173	0	0	32	144	157
270	39	182	5	147	14	150	14	175	0	0	31	145	159
271	39	183	5	149	13	152	13	175	0	0	30	146	160
272	40	183	5	149	13	153	12	177	0	0	29	145	160
273	39	183	4	149	13	155	13	177	0	0	28	145	160
274	39	182	3	148	13	157	13	176	0	0	27	146	162
275	39	183	2	148	14	159	12	176	0	0	28	145	162
276	40	183	1	148	15	160	13	176	0	0	29	146	161
277	41	183	1	147	14	159	12	178	0	0	28	146	162
278	42	184	2	146	14	158	12	179	0	0	27	147	164
279	43	183	2	145	15	158	12	179	0	0	26	147	164
280	42	182	2	146	14	157	11	178	0	0	27	148	166
281	43	182	3	146	13	159	11	180	0	0	28	150	165
282	43	182	2	148	13	161	12	179	0	0	29	150	166
283	43	184	2	147	13	160	12	180	0	0	29	151	167
284	43	183	2	146	12	162	11	179	0	0	29	151	168
285	43	184	3	145	11	163	10	180	0	0	29	153	168
286	43	184	4	145	11	165	9	182	0	0	28	155	169
287	43	185	3	147	11	164	10	183	0	0	29	156	168
288	43	184	4	148	10	163	10	183	0	0	30	158	169
289	43	184	4	150	10	162	10	185	0	0	29	158	168
290	43	185	3	149	11	164	9	184	0	0	29	158	170
291	44	186	2	148	11	163	9	185	0	0	30	158	170
292	45	185	2	148	12	162	10	185	0	0	29	159	172
293	44	184	2	149	11	161	9	186	0	0	30	160	173
294	43	184	2	148	12	163	8	185	0	0	29	160	175
295	42	186	1	148	12	164	7	186	0	0	28	162	176
296	42	188	2	147	11	164	6	187	0	0	29	161	177
297	41	187	3	147	10	164	6	188	0	0	29	160	176
298	42	187	4	149	11	166	5	190	0	0	29	161	177
299	43	188	3	149	12	167	4	192	0	0	28	162	179
300	42	187	4	151	12	169	4	194	0	0	28	161	181
301	42	189	3	151	12	168	5	196	0	0	28	163	180
302	41	189	3	150	13	167	4	196	0	0	27	164	182
303	40	188	4	150	13	167	3	196	0	0	27	165	182
304	40	187	5	149	12	166	2	198	0	0	28	164	184
305	41	188	5	151	13	167	3	199	0	0	29	164	183
306	41	187	5	152	13	166	4	198	0	0	29	165	184
307	41	188	4	152	14	166	5	197	0	0	29	164	183
308	42	188	3	152	14	165	5	198	0	0	28	163	183
309	43	189	3	152	13	165	5	200	0	0	29	164	185
310	43	190	4	154	13	165	5	199	0	0	28	166	186
311	44	189	5	156	13	164	6	199	0	0	29	167	186
312	43	189	5	157	13	165	6	201	0	0	28	166	185
313	44	188	6	157	13	164	7	202	0	0	29	167	187
314	44	188	6	156	12	165	7	203	0	0	30	169	187
315	43	187	6	157	13	165	6	202	0	0	30	170	188
316	44	189	6	156	14	166	7	204	0	0	29	169	189
317	45	188	7	156	13	168	7	206	0	0	29	170	189
318	46	189	6	158	12	167	6	207	0	0	28	169	188
319	46	189	5	159	12	167	5	207	0	0	28	171	190
320	46	191	6	159	13	167	6	206	0	0	28	170	189
321	45	193	5	158	13	169	6	207	0	0	29	172	189
322	44	194	6	159	12	169	7	206	0	0	29	171	188
323	43	194	6	161	11	169	7	206	0	0	28	173	188
324	42	194	6	161	12	168	7	205	0	0	29	175	188
325	43	193	5	162	13	168	7	206	0	0	30	176	188
326	43	194	5	163	12	167	6	207	0	0	30	178	188
327	42	194	4	164	11	168	6	207	0	0	31	178	190
328	43	194	3	164	11	169	7	206	0	0	30	180	190
329	42	196	3	163	10	171	8	205	0	0	31	181	192
330	42	198	3	164	10	170	9	205	0	0	31	182	191
331	41	200	2	164	11	172	10	207	0	0	31	181	193
332	42	201	1	164	10	174	9	207	0	0	32	181	193
333	43	202	1	164	10	176	10	207	0	0	32	180	194
334	42	202	1	166	11	178	11	208	0	0	33	182	196
335	41	204	0	168	12	177	12	210	0	0	33	184	195
336	41	206	0	167	11	178	12	210	0	0	33	186	194
337	40	205	0	169	12	177	13	210	0	0	32	187	195
338	39	207	1	169	12	177	14	212	0	0	32	186	194
339	38	208	1	169	11	179	13	211	0	0	31	188	196
340	38	208	0	169	10	179	14	210	0	0	30	187	195
341	38	207	1	171	10	180	13	210	0	0	31	187	194
342	38	206	0	172	10	179	14	211	0	0	32	187	196
343	38	205	1	172	9	179	14	212	0	0	33	188	198
344	39	205	1	172	10	179	15	211	0	0	34	188	198
345	38	206	0	174	11	180	14	213	0	0	35	187	198
346	38	207	0	175	10	181	14	214	0	0	36	187	197
347	38	209	0	177	11	183	14	213	0	0	35	188	196
348	39	209	0	179	10	185	14	213	0	0	35	190	196
349	39	210	0	180	9	184	15	214	0	0	34	191	196
350	39	209	0	179	9	184	14	215	0	0	35	192	198
351	38	211	1	181	10	184	15	215	0	0	35	192	199
352	37	211	0	183	10	185	14	215	0	0	35	194	201
353	36	212	1	182	11	184	13	216	0	0	35	194	200
354	37	212	0	181	12	186	13	217	0	0	36	193	199
355	36	214	0	182	11	188	12	218	0	0	37	192	199
356	37	216	0	183	10	188	12	219	0	0	36	192	200
357	36	218	1	185	10	189	11	219	0	0	36	194	199
358	35	220	2	184	10	190	12	221	0	0	36	196	198
359	36	222	1	186	9	192	13	223	0	0	36	198	197
360	36	223	0	187	10	194	12	223	0	0	36	199	198
361	35	223	0	187	10	194	11	222	0	0	35	198	200
362	34	222	1	189	10	193	10	223	0	0	35	198	199
363	34	223	1	190	10	192	9	223	0	0	36	199	198
364	33	224	1	189	9	194	10	222	0	0	36	198	200
365	34	223	0	190	8	196	9	223	0	0	37	199	202
366	34	224	1	189	9	197	8	222	0	0	37	199	202
367	35	223	1	191	8	199	9	222	0	0	38	201	201
368	35	222	2	193	7	198	10	223	0	0	37	201	201
369	36	221	3	195	6	200	11	225	0	0	37	202	202
370	37	221	2	197	6	199	10	226	0	0	37	201	202
371	37	220	3	196	6	200	10	225	0	0	37	203	201
372	36	219	4	196	5	199	9	224	0	0	36	203	203
373	35	220	4	197	4	198	10	224	0	0	36	203	203
374	34	222	3	199	4	199	11	225	0	0	36	203	203
375	34	222	3	200	4	199	11	224	0	0	37	204	203
376	35	222	4	199	4	201	10	224	0	0	36	205	202
377	34	223	3	200	3	202	10	226	0	0	36	207	203
378	33	223	2	201	2	203	11	227	0	0	36	209	205
379	34	225	2	200	1	202	11	228	0	0	35	210	205
380	35	225	2	200	1	203	10	228	0	0	34	212	206
381	34	227	2	201	1	202	10	227	0	0	35	212	207
382	35	228	3	203	0	202	9	226	0	0	34	214	207
383	34	229	4	204	0	202	10	226	0	0	34	216	206
384	34	231	4	205	1	204	11	225	0	0	34	215	207
385	35	233	4	207	1	206	12	225	0	0	34	215	206
386	36	232	5	206	0	206	11	226	0	0	35	217	207
387	37	231	6	206	0	206	12	225	0	0	35	216	207
388	36	232	7	208	1	208	11	226	0	0	34	216	209
389	37	232	6	207	2	209	10	225	0	0	35	215	208
390	37	233	6	206	2	209	10	227	0	0	36	214	208
391	38	234	6	207	1	209	11	227	0	0	35	214	208
392	39	236	6	208	2	210	10	228	0	0	36	214	208
393	39	238	5	209	2	209	11	229	0	0	37	216	207
394	39	240	5	209	2	209	12	229	0	0	37	215	207
395	39	242	5	210	3	211	13	230	0	0	37	216	208
396	39	244	6	212	3	211	12	229	0	0	38	217	208
397	39	245	6	211	3	210	13	230	0	0	37	216	209
398	39	247	5	211	3	209	12	231	0	0	37	216	208
399	38	248	4	210	2	208	11	231	0	0	36	215	208
400	38	248	3	212	1	207	12	233	0	0	35	217	210
401	37	248	4	214	2	207	12	235	0	0	36	218	211
402	38	247	4	213	2	207	13	234	0	0	37	218	211
403	37	246	5	214	3	207	14	234	0	0	36	217	213
404	37	245	5	213	2	206	13	234	0	0	36	217	213
405	38	244	6	212	2	208	12	235	0	0	35	216	213
406	39	245	7	214	1	210	11	236	0	0	35	218	215
407	38	245	6	215	2	209	11	237	0	0	36	218	214
408	37	247	5	217	2	208	12	239	0	0	37	217	215
409	37	249	4	218	3	210	12	239	0	0	38	218	215
410	36	250	3	219	3	210	13	238	0	0	37	220	215
411	36	252	4	221	2	210	13	240	0	0	37	222	217
412	36	251	4	223	3	209	13	242	0	0	37	222	218
413	36	252	3	223	3	208	12	242	0	0	37	222	219
414	36	253	2	223	2	207	11	244	0	0	37	222	220
415	35	253	1	224	1	207	12	245	0	0	36	223	221
416	34	254	0	224	1	208	13	247	0	0	36	224	223
417	33	253	0	223	2	209	12	246	0	0	35	224	222
418	33	252	1	224	3	210	13	247	0	0	36	225	223
419	33	251	1	223	4	209	13	248	0	0	37	227	223
420	33	251	2	222	3	209	12	249	0	0	37	228	225
421	32	253	1	223	3	209	11	249	0	0	38	228	226
422	32	254	2	224	2	208	12	250	0	0	37	228	225
423	32	254	2	223	2	207	11	250	0	0	36	228	226
424	32	254	3	225	1	209	10	251	0	0	35	229	225
425	33	256	4	227	0	209	11	253	0	0	34	229	226
426	32	256	3	226	0	209	12	253	0	0	33	229	226
427	31	256	3	225	0	211	13	252	0	0	32	228	227
428	31	258	2	225	0	211	13	254	0	0	33	227	226
429	30	257	1	226	1	212	14	253	0	0	33	226	228
430	30	258	1	228	1	212	14	254	0	0	32	226	227
431	30	258	1	229	0	211	14	256	0	0	33	226	229
432	30	259	0	229	1	211	13	257	0	0	33	225	231
433	31	260	1	229	1	211	14	257	0	0	33	224	231
434	31	261	0	228	1	210	13	256	0	0	34	224	232
435	32	263	1	228	0	211	12	256	0	0	33	223	234
436	31	262	1	227	0	212	12	255	0	0	34	224	235
437	32	262	1	228	1	214	13	255	0	0	34	224	235
438	33	264	0	228	2	216	13	255	0	0	33	224	235
439	33	263	0	230	3	218	12	254	0	0	32	223	234
440	33	265	1	232	4	219	13	254	0	0	32	225	235
441	32	264	0	234	5	220	13	254	0	0	32	227	235
442	33	263	0	233	5	221	13	254	0	0	33	229	234
443	33	263	1	232	4	220	14	255	0	0	34	231	234
444	33	262	0	232	3	222	15	257	0	0	34	232	233
445	34	262	0	232	2	224	14	259	0	0	34	231	234
446	33	261	1	232	3	224	14	260	0	0	35	231	234
447	32	262	1	232	3	224	13	259	0	0	36	233	233
448	32	264	2	231	4	224	13	261	0	0	35	234	232
449	31	265	2	231	4	225	12	260	0	0	35	236	234
450	31	264	2	231	3	226	13	262	0	0	36	236	233
451	30	266	2	232	4	226	12	264	0	0	36	236	235
452	31	268	1	234	5	227	11	265	0	0	35	236	236
453	31	267	0	234	5	228	11	265	0	0	36	238	236
454	32	266	1	234	5	227	10	266	0	0	36	239	237
455	31	266	0	235	5	228	9	267	0	0	35	240	236
456	31	267	1	237	4	230	9	267	0	0	34	240	235
457	31	269	1	237	5	230	10	268	0	0	33	240	237
458	32	271	2	237	6	229	11	270	0	0	33	240	236
459	33	270	2	239	7	228	12	272	0	0	32	239	237
460	34	271	2	240	7	227	12	271	0	0	33	238	236
461	33	271	1	242	7	228	13	270	0	0	33	238	238
462	33	272	2	242	7	229	13	270	0	0	34	237	240
463	34	274	1	242	7	230	13	272	0	0	33	237	239
464	35	275	1	244	6	231	14	272	0	0	34	238	241
465	36	277	2	244	5	232	15	272	0	0	34	237	242
466	37	276	2	246	6	234	15	272	0	0	35	237	243
467	36	278	3	248	5	235	16	274	0	0	36	238	242
468	37	279	3	249	6	236	16	274	0	0	36	240	241
469	38	278	2	248	7	236	15	276	0	0	37	240	242
470	39	277	1	247	8	238	15	278	0	0	37	242	242
471	39	279	1	249	8	239	16	279	0	0	37	243	242
472	38	278	1	251	9	238	15	278	0	0	37	245	243
473	37	280	0	250	8	240	14	277	0	0	37	244	244
474	37	281	0	250	8	239	13	278	0	0	36	244	245
475	38	281	1	251	8	239	12	277	0	0	37	246	244
476	38	280	2	250	8	241	13	277	0	0	38	245	246
477	37	282	2	250	8	242	13	279	0	0	37	245	246
478	36	282	3	252	7	241	13	278	0	0	36	244	248
479	36	282	3	251	8	241	12	279	0	0	36	244	248
480	35	283	4	250	9	241	11	280	0	0	37	246	248
481	35	285	5	249	9	240	11	280	0	0	38	248	248
482	35	284	4	250	8	241	11	281	0	0	39	249	250
483	36	285	4	251	9	242	11	281	0	0	38	248	252
484	37	286	4	250	10	244	12	280	0	0	39	247	253
485	36	288	5	249	9	244	12	279	0	0	40	246	253
486	37	287	4	251	9	245	12	281	0	0	40	246	252
487	38	289	3	253	10	244	13	281	0	0	41	248	254
488	39	288	4	252	10	243	14	282	0	0	42	247	253
489	39	288	5	252	10	243	14	283	0	0	43	249	252
490	40	287	5	252	10	245	13	283	0	0	44	251	254
491	40	286	5	252	10	247	13	283	0	0	43	252	255
492	41	286	4	253	9	248	14	285	0	0	42	252	255
493	42	285	3	255	8	247	14	287	0	0	42	254	256
494	42	286	3	256	7	249	15	287	0	0	42	256	258
495	43	286	2	258	6	249	16	288	0	0	42	258	260
496	43	285	3	258	6	249	15	288	0	0	41	257	261
497	43	287	4	258	6	250	15	289	0	0	40	256	263
498	43	289	5	260	6	249	15	288	0	0	39	256	265
499	42	288	4	259	5	248	14	288	0	0	38	255	264
500	43	289	3	260	5	250	14	289	0	0	37	254	265
501	44	289	2	259	4	251	14	289	0	0	36	254	266
502	43	289	3	258	3	253	15	291	0	0	35	256	266
503	42	289	4	257	2	253	16	290	0	0	34	256	268
504	43	290	3	257	2	254	16	289	0	0	33	256	268
505	42	292	3	257	3	256	16	289	0	0	33	255	268
506	43	291	2	256	3	258	16	289	0	0	34	257	267
507	42	290	2	258	3	258	17	289	0	0	35	258	267
508	41	291	1	260	3	258	16	288	0	0	36	257	266
509	40	292	2	262	2	258	15	289	0	0	35	258	266
510	40	292	2	264	2	258	16	291	0	0	36	257	266
511	40	291	2	266	2	257	17	293	0	0	35	259	267
512	41	291	1	267	3	258	17	294	0	0	34	260	267
513	40	292	1	268	3	260	17	294	0	0	33	262	266
514	40	291	0	270	4	261	16	295	0	0	34	261	267
515	39	293	1	272	5	262	17	297	0	0	33	262	266
516	39	293	0	272	6	262	16	296	0	0	34	261	268
517	38	293	1	272	6	264	17	295	0	0	33	260	269
518	38	294	1	274	5	265	17	297	0	0	32	260	269
519	38	295	2	275	4	264	16	299	0	0	31	262	268
520	38	297	3	275	4	265	16	300	0	0	32	263	269
521	39	299	3	274	4	267	17	299	0	0	33	264	270
522	39	301	2	276	4	268	18	299	0	0	32	265	271
523	39	300	2	275	4	268	18	300	0	0	32	266	272
524	39	301	3	276	3	267	18	302	0	0	32	266	274
525	40	302	2	278	3	267	19	302	0	0	31	268	273
526	39	304	2	280	2	267	18	302	0	0	30	270	274
527	38	304	3	281	1	267	19	302	0	0	29	271	273
528	38	306	2	280	0	268	18	301	0	0	29	270	272
529	39	305	2	281	1	270	17	301	0	0	29	272	272
530	39	306	3	283	1	269	17	301	0	0	28	273	274
531	40	305	2	284	2	268	16	303	0	0	29	272	274
532	41	306	1	286	3	268	16	305	0	0	28	272	276
533	41	305	1	286	2	269	16	304	0	0	29	274	277
534	42	305	1	285	3	269	17	306	0	0	29	273	277
535	43	305	1	286	4	270	18	308	0	0	30	273	276
536	43	305	0	285	3	272	17	309	0	0	31	275	276
537	42	307	1	287	2	272	17	308	0	0	32	277	277
538	43	306	0	287	3	274	17	308	0	0	32	277	277
539	43	305	0	287	4	275	18	310	0	0	33	279	278
540	44	305	0	289	5	276	18	309	0	0	32	280	277
541	45	306	1	291	4	277	19	309	0	0	31	279	277
542	46	306	2	293	3	277	20	308	0	0	30	279	279
543	45	305	1	295	2	277	21	310	0	0	29	279	278
544	46	305	1	294	2	277	21	309	0	0	28	278	278
545	45	304	1	296	3	276	21	308	0	0	27	279	280
546	45	304	2	298	4	276	21	309	0	0	26	281	280
547	44	306	1	299	4	277	20	310	0	0	27	280	280
548	43	308	2	299	5	279	21	311	0	0	27	279	279
549	42	310	1	300	5	280	20	311	0	0	26	280	280
550	42	309	1	302	4	280	21	312	0	0	26	282	281
551	41	308	0	302	5	279	20	312	0	0	25	283	281
552	40	308	1	304	6	281	19	314	0	0	25	285	283
553	41	308	0	306	7	282	19	313	0	0	26	285	283
554	42	310	0	308	6	282	18	315	0	0	27	287	284
555	42	311	1	308	5	282	18	314	0	0	28	287	285
556	43	311	1	309	5	282	18	315	0	0	27	286	286
557	43	310	0	311	4	281	17	315	0	0	27	287	285
558	42	310	0	312	5	282	17	317	0	0	27	288	284
559	43	309	1	311	5	284	17	319	0	0	27	287	286
560	43	311	0	310	4	284	16	320	0	0	26	289	287
561	44	312	1	310	3	283	17	321	0	0	25	288	287
562	44	314	0	311	2	284	16	323	0	0	24	287	287
563	44	313	0	311	1	283	15	324	0	0	23	289	286
564	44	315	1	313	2	284	14	326	0	0	23	291	286
565	45	317	2	312	2	284	14	326	0	0	22	291	286
566	45	319	3	312	3	285	13	328	0	0	21	293	287
567	46	321	4	313	2	286	12	328	0	0	21	292	286
568	46	323	5	314	3	286	13	327	0	0	21	294	288
569	47	325	5	316	2	285	12	328	0	0	20	294	287
570	47	324	6	315	1	286	12	329	0	0	20	296	289
571	47	326	5	315	0	286	11	329	0	0	21	295	288
572	46	325	4	316	1	286	11	331	0	0	22	297	290
573	47	327	5	315	2	285	12	332	0	0	21	298	290
574	48	326	6	314	2	286	13	331	0	0	22	299	290
575	47	328	7	313	2	287	13	332	0	0	23	300	289
576	47	330	7	313	2	289	12	333	0	0	22	299	291
577	46	332	7	313	2	290	13	332	0	0	23	301	293
578	46	333	8	313	3	291	13	331	0	0	24	302	294
579	47	334	7	312	4	292	14	332	0	0	25	302	295
580	46	336	8	311	3	294	15	334	0	0	26	303	297
581	45	335	9	313	3	295	16	336	0	0	27	302	297
582	44	336	10	312	3	295	17	336	0	0	26	303	296
583	43	336	11	313	3	296	16	338	0	0	27	305	298
584	44	336	12	313	4	295	16	338	0	0	28	305	298
585	43	337	13	312	5	296	16	338	0	0	27	307	297
586	44	339	13	313	5	297	16	339	0	0	27	307	297
587	44	341	13	313	6	299	17	339	0	0	26	307	296
588	43	340	14	315	5	298	18	341	0	0	27	309	297
589	42	340	14	317	5	300	18	343	0	0	28	308	298
590	41	342	15	316	5	299	17	342	0	0	28	310	297
591	40	343	14	317	6	301	17	343	0	0	28	312	298
592	39	344	15	319	5	301	17	344	0	0	27	313	299
593	39	343	16	321	6	302	16	343	0	0	28	313	301
594	39	342	17	321	6	301	16	342	0	0	29	314	303
595	39	342	18	320	6	302	17	341	0	0	30	313	304
596	39	341	18	321	7	301	18	343	0	0	29	315	304
597	40	342	18	321	8	302	18	342	0	0	28	317	306
598	40	342	18	320	9	303	19	342	0	0	29	319	305
599	39	342	19	319	10	303	20	342	0	0	29	320	305
600	40	342	19	318	9	305	21	342	0	0	30	321	307
601	39	342	19	319	9	305	22	342	0	0	31	323	309
602	38	342	19	319	10	304	22	344	0	0	31	325	310
603	37	342	18	320	11	303	21	343	0	0	32	327	310
604	37	344	18	319	12	302	21	343	0	0	31	328	309
605	36	346	19	320	12	302	20	344	0	0	31	329	310
606	35	346	19	319	13	302	19	346	0	0	30	331	310
607	36	346	20	321	14	303	20	348	0	0	29	333	312
608	35	346	21	323	14	303	19	348	0	0	29	333	311
609	35	345	20	322	15	302	18	348	0	0	28	335	311
610	34	347	19	324	14	304	17	347	0	0	28	335	312
611	34	349	20	326	14	304	16	348	0	0	28	334	313
612	35	350	21	325	15	303	17	348	0	0	28	334	314
613	35	349	22	325	16	302	17	348	0	0	27	336	313
614	34	351	21	326	17	304	16	350	0	0	28	336	313
615	34	350	20	326	16	303	15	351	0	0	27	338	313
616	34	352	21	326	15	304	15	352	0	0	28	338	315
617	34	351	21	327	15	306	15	353	0	0	29	338	314
618	35	352	22	328	15	305	16	352	0	0	28	337	316
619	34	353	23	330	16	307	17	352	0	0	28	336	318
620	35	353	23	331	16	307	17	354	0	0	28	338	318
621	34	352	24	331	16	307	18	355	0	0	28	338	318
622	34	351	23	333	17	308	19	357	0	0	29	340	317
623	35	353	23	334	18	308	18	356	0	0	28	341	318
624	34	352	23	333	19	307	18	358	0	0	29	341	319
625	33	352	24	334	18	309	19	359	0	0	30	342	320
626	34	354	23	335	17	309	19	359	0	0	29	342	320
627	34	354	22	336	18	310	19	361	0	0	29	341	319
628	35	356	22	338	17	309	18	363	0	0	29	340	318
629	36	358	21	339	17	311	17	365	0	0	28	340	317
630	35	359	21	339	16	310	18	366	0	0	27	342	317
631	36	358	21	340	17	309	19	365	0	0	28	343	319
632	36	358	20	340	16	309	19	365	0	0	27	342	321
633	35	359	20	339	17	309	18	367	0	0	26	342	323
634	35	359	20	340	16	310	17	367	0	0	27	341	325
635	34	359	19	339	15	312	17	369	0	0	28	341	325
636	33	361	19	340	15	314	16	370	0	0	29	343	326
637	34	361	20	341	14	315	15	370	0	0	29	344	328
638	33	363	19	343	14	314	15	372	0	0	30	345	327
639	33	362	19	342	14	315	16	373	0	0	30	347	329
640	34	363	19	342	15	317	17	373	0	0	31	349	328
641	34	363	20	343	16	318	17	373	0	0	32	349	330
642	33	363	20	342	15	318	16	374	0	0	31	350	331
643	32	364	19	343	15	320	15	374	0	0	31	351	332
644	33	366	19	343	16	322	15	375	0	0	31	352	332
645	32	366	18	343	15	324	15	375	0	0	30	354	332
646	32	368	18	344	16	326	16	376	0	0	31	355	333
647	31	367	17	345	15	327	16	376	0	0	31	354	332
648	32	366	17	346	14	327	17	376	0	0	30	354	334
649	31	367	18	348	13	326	18	375	0	0	29	356	336
650	32	369	18	349	13	327	18	375	0	0	29	357	336
651	31	369	18	349	14	329	18	375	0	0	29	359	336
652	30	371	17	349	14	328	19	377	0	0	30	359	335
653	31	371	16	349	15	330	19	377	0	0	29	360	334
654	32	370	17	351	15	329	18	379	0	0	29	361	335
655	31	369	18	350	14	328	19	380	0	0	29	361	334
656	30	370	18	349	13	328	18	379	0	0	30	362	336
657	30	370	18	351	12	327	18	380	0	0	31	363	337
658	30	369	17	353	12	327	19	382	0	0	31	363	339
659	29	370	17	353	12	326	20	383	0	0	32	362	339
660	29	369	18	353	13	325	21	385	0	0	31	362	338
661	28	371	18	355	12	327	20	385	0	0	32	363	339
662	28	370	19	354	11	326	20	385	0	0	31	365	341
663	29	371	18	353	12	326	19	387	0	0	30	365	342
664	29	372	19	354	13	326	19	388	0	0	29	364	341
665	30	374	18	356	12	325	19	388	0	0	30	366	343
666	31	373	19	357	11	325	19	390	0	0	29	366	345
667	31	372	20	359	11	325	18	392	0	0	30	367	345
668	32	371	20	361	10	324	17	392	0	0	29	367	345
669	31	370	19	363	11	325	16	394	0	0	29	369	346
670	32	370	18	362	10	327	17	394	0	0	30	368	348
671	32	372	19	361	9	328	16	393	0	0	30	367	350
672	31	374	18	362	8	328	15	395	0	0	29	367	351
673	30	373	18	362	7	328	15	396	0	0	28	368	352
674	31	374	19	361	8	329	15	397	0	0	27	370	352
675	32	374	18	362	7	331	16	396	0	0	26	372	354
676	33	373	19	362	6	331	17	395	0	0	27	371	353
677	32	373	19	361	5	333	18	395	0	0	26	373	353
678	32	374	18	360	4	333	17	394	0	0	25	374	355
679	33	376	19	359	4	333	16	396	0	0	24	374	356
680	34	377	20	361	3	333	15	397	0	0	23	375	356
681	34	378	20	363	3	333	15	398	0	0	23	377	357
682	33	378	20	365	3	333	14	397	0	0	24	377	358
683	34	380	21	364	4	334	15	396	0	0	24	377	360
684	34	381	20	365	4	336	15	397	0	0	24	378	359
685	34	380	21	366	5	337	15	397	0	0	24	380	361
686	33	381	22	368	6	336	14	396	0	0	24	382	360
687	34	381	23	369	5	337	13	395	0	0	24	384	360
688	35	383	24	369	6	338	14	394	0	0	24	386	361
689	35	382	25	368	5	339	15	396	0	0	24	388	361
690	35	383	25	368	6	341	15	397	0	0	23	387	363
691	35	382	24	370	7	343	16	396	0	0	23	386	365
692	34	381	25	371	6	343	16	397	0	0	23	388	367
693	34	381	25	373	7	342	15	396	0	0	22	388	366
694	34	382	25	374	8	343	14	397	0	0	21	388	367
695	35	382	24	376	8	345	14	398	0	0	20	389	368
696	34	384	23	378	9	346	14	399	0	0	19	389	370
697	34	385	24	379	10	347	15	399	0	0	18	390	371
698	35	386	25	380	11	347	16	399	0	0	17	392	370
699	34	387	26	381	11	349	17	399	0	0	17	392	371
700	35	387	25	382	12	351	16	398	0	0	17	391	370
701	35	387	25	382	12	351	17	399	0	0	17	393	370
702	35	389	25	381	12	351	17	401	0	0	18	395	369
703	36	391	26	380	13	353	18	402	0	0	18	397	371
704	35	390	26	382	13	355	19	403	0	0	18	399	372
705	35	392	27	382	14	357	18	403	0	0	19	399	374
706	36	392	28	382	13	358	18	404	0	0	20	401	375
707	36	393	28	383	12	357	19	403	0	0	19	402	376
708	35	393	28	383	12	359	18	404	0	0	18	403	378
709	34	393	27	385	13	359	19	405	0	0	18	403	378
710	34	395	27	384	14	360	20	407	0	0	19	403	380
711	35	394	26	386	15	362	20	406	0	0	20	404	382
712	34	396	25	387	14	362	19	408	0	0	20	406	383
713	34	398	25	387	15	363	18	408	0	0	20	406	385
714	33	397	25	389	14	364	18	410	0	0	21	407	385
715	32	397	24	390	14	363	19	409	0	0	20	409	385
716	32	397	24	391	15	363	18	410	0	0	21	409	384
717	32	396	24	392	15	365	19	409	0	0	22	411	383
718	32	398	24	391	14	365	18	410	0	0	21	413	385
719	33	399	23	390	14	364	18	410	0	0	21	415	385
720	32	399	24	390	14	366	18	410	0	0	22	416	387
721	31	400	25	389	14	367	18	411	0	0	21	418	389
722	30	400	26	391	15	369	18	410	0	0	20	420	391
723	30	400	27	393	16	369	17	412	0	0	20	420	391
724	29	402	28	395	16	368	16	413	0	0	19	421	392
725	29	401	28	397	15	367	16	415	0	0	20	423	393
726	28	401	27	398	14	367	15	415	0	0	21	424	395
727	27	403	26	398	13	366	16	417	0	0	22	424	397
728	28	405	26	400	13	365	15	416	0	0	23	425	396
729	27	406	26	401	14	365	14	417	0	0	24	425	398
730	27	407	25	402	14	367	14	417	0	0	25	426	400
731	28	409	26	403	14	368	14	418	0	0	24	425	400
732	29	408	25	403	14	370	15	419	0	0	25	425	402
733	29	409	24	403	13	371	16	420	0	0	24	426	403
734	28	408	23	405	12	372	15	419	0	0	25	426	405
735	29	410	24	407	12	373	14	420	0	0	25	428	407
736	28	410	24	408	13	374	14	422	0	0	26	430	409
737	29	410	24	408	14	374	14	424	0	0	25	432	409
738	29	410	23	410	14	375	13	425	0	0	25	433	408
739	28	410	22	411	13	375	14	426	0	0	26	435	407
740	29	410	21	410	13	374	14	428	0	0	27	436	408
741	30	409	20	410	13	376	15	429	0	0	27	438	410
742	29	409	19	412	14	375	15	431	0	0	28	438	411
743	29	408	18	412	13	377	16	431	0	0	27	437	412
744	29	410	17	412	13	376	16	432	0	0	26	437	411
745	28	411	18	414	14	375	16	431	0	0	27	436	410
746	29	412	18	416	15	377	17	430	0	0	27	435	412
747	28	413	17	415	16	378	18	430	0	0	28	434	411
748	28	413	16	417	15	378	18	430	0	0	27	435	411
749	28	414	16	418	15	378	19	432	0	0	28	435	410
750	28	414	15	419	16	380	20	434	0	0	27	434	412
751	28	416	16	418	16	379	19	434	0	0	28	434	411
752	29	415	17	419	15	379	19	436	0	0	27	433	412
753	30	415	17	421	15	379	18	436	0	0	26	432	413
754	29	415	18	420	15	380	19	436	0	0	27	433	413
755	29	417	17	422	14	382	20	438	0	0	26	434	414
756	28	419	18	422	15	381	21	437	0	0	25	433	413
757	28	420	17	421	14	382	20	439	0	0	25	435	413
758	28	420	16	422	15	381	20	441	0	0	24	437	415
759	27	419	15	421	14	380	19	441	0	0	23	437	416
760	27	418	14	423	13	381	18	441	0	0	23	439	417
761	26	418	15	425	13	382	19	440	0	0	24	438	417
762	25	420	14	427	14	383	18	440	0	0	24	437	417
763	26	420	14	427	13	385	17	441	0	0	25	437	419
764	26	421	14	427	13	384	16	441	0	0	24	437	418
765	27	423	15	428	13	384	17	443	0	0	24	436	419
766	27	425	15	429	14	384	17	443	0	0	24	438	419
767	27	427	15	428	15	383	16	445	0	0	24	437	419
768	26	429	15	429	15	385	17	447	0	0	23	436	419
769	27	431	14	428	16	387	17	448	0	0	22	437	419
770	28	433	14	428	15	388	18	449	0	0	23	438	420
771	29	433	14	429	14	388	18	449	0	0	22	437	420
772	28	433	13	431	14	390	17	451	0	0	23	439	421
773	28	432	13	433	14	390	16	450	0	0	23	440	422
774	29	433	12	432	14	390	17	451	0	0	22	442	424
775	29	434	11	434	14	392	18	453	0	0	22	444	425
776	29	433	10	436	15	391	17	453	0	0	21	443	426
777	28	432	10	436	16	391	17	453	0	0	22	444	428
778	27	432	11	437	15	392	16	453	0	0	21	445	428
779	26	434	11	436	16	394	15	454	0	0	21	445	428
780	26	435	12	435	15	396	15	453	0	0	20	446	429
781	27	437	11	434	16	395	14	452	0	0	19	448	429
782	28	436	10	435	17	394	14	451	0	0	19	449	429
783	28	436	9	436	18	394	14	452	0	0	19	451	431
784	29	436	9	436	17	396	15	452	0	0	18	452	431
785	28	437	9	438	18	397	16	454	0	0	18	454	430
786	27	439	10	437	19	399	17	454	0	0	18	455	430
787	28	439	10	436	18	400	16	454	0	0	18	456	431
788	27	438	9	438	18	402	15	454	0	0	18	457	431
789	26	440	9	437	17	403	15	456	0	0	17	458	432
790	25	442	10	438	16	402	16	455	0	0	16	460	432
791	24	442	9	437	15	401	15	454	0	0	16	460	433
792	25	441	8	439	15	402	16	454	0	0	16	462	435
793	24	440	8	438	15	402	15	455	0	0	17	462	437
794	24	441	7	437	15	402	15	455	0	0	18	464	437
795	24	441	8	439	16	403	15	457	0	0	17	463	439
796	23	441	7	440	17	404	15	458	0	0	18	463	441
797	22	441	8	440	18	403	14	459	0	0	18	464	443
798	23	441	9	441	18	402	14	458	0	0	19	463	445
799	24	443	10	441	18	403	14	458	0	0	20	465	446
800	25	444	9	442	19	405	13	457	0	0	21	464	446
801	25	444	9	443	18	407	12	456	0	0	20	465	445
802	26	444	8	442	19	407	12	458	0	0	20	466	446
803	27	444	8	444	20	407	11	457	0	0	19	466	446
804	28	444	7	446	20	407	10	456	0	0	20	467	446
805	27	445	7	447	19	407	9	458	0	0	20	468	447
806	28	447	6	447	20	409	9	458	0	0	19	469	447
807	29	449	6	448	21	411	9	460	0	0	20	470	447
808	28	451	5	448	21	413	10	461	0	0	19	472	449
809	29	450	5	450	21	413	11	463	0	0	18	472	450
810	30	449	5	452	20	412	10	462	0	0	17	474	452
811	31	451	5	453	19	413	11	464	0	0	16	475	454
812	30	450	5	452	19	412	11	466	0	0	16	476	453
813	31	452	4	452	20	414	12	467	0	0	17	477	454
814	32	454	4	452	20	414	13	468	0	0	16	479	455
815	32	455	5	451	20	413	14	469	0	0	15	481	454
816	32	454	5	451	21	414	14	471	0	0	15	481	454
817	31	455	4	451	20	415	13	473	0	0	14	482	453
818	30	457	5	450	20	416	13	473	0	0	15	481	452
819	30	456	5	451	19	416	12	475	0	0	15	482	454
820	30	458	4	450	20	418	12	475	0	0	16	484	454
821	31	458	5	451	19	420	12	475	0	0	16	486	453
822	31	457	6	451	19	421	12	477	0	0	16	488	454
823	31	456	5	450	18	423	12	479	0	0	17	488	456
824	31	456	6	449	19	422	13	479	0	0	17	489	455
825	31	455	7	451	18	422	14	478	0	0	16	490	456
826	32	454	7	450	17	421	13	478	0	0	15	492	458
827	32	453	7	449	18	422	12	480	0	0	14	492	457
828	32	452	6	451	17	421	12	481	0	0	13	492	458
829	32	451	5	450	16	420	11	480	0	0	14	494	460
830	33	452	6	451	15	420	10	480	0	0	15	493	459
831	33	453	5	451	16	420	10	481	0	0	14	494	458
832	33	453	5	450	16	419	10	480	0	0	14	493	459
833	34	453	4	451	16	419	9	482	0	0	14	494	460
834	35	453	5	451	15	420	10	482	0	0	13	495	460
835	36	455	5	450	16	421	9	481	0	0	14	497	462
836	37	456	6	452	15	422	8	482	0	0	13	499	464
837	37	455	5	453	16	424	9	484	0	0	13	501	463
838	37	455	6	452	15	425	9	485	0	0	12	500	464
839	36	454	6	454	15	424	8	485	0	0	11	502	466
840	37	455	6	455	16	424	9	484	0	0	12	501	465
841	36	457	7	455	17	426	8	485	0	0	11	501	466
842	35	458	7	454	16	427	8	485	0	0	11	503	466
843	34	459	6	455	15	428	7	484	0	0	11	502	465
844	35	461	7	454	14	429	6	483	0	0	12	501	467
845	36	463	6	453	14	430	5	483	0	0	11	502	466
846	36	464	6	455	13	429	5	482	0	0	10	502	467
847	36	464	5	454	14	430	5	481	0	0	9	502	466
848	35	463	5	454	15	431	5	483	0	0	8	502	465
849	36	465	6	454	16	430	5	483	0	0	7	501	464
850	37	467	6	456	15	431	4	484	0	0	8	503	463
851	36	468	5	457	16	430	4	484	0	0	7	502	464
852	35	469	5	459	15	430	4	486	0	0	8	502	465
853	35	471	5	458	15	430	4	486	0	0	9	502	466
854	34	472	4	458	15	431	4	487	0	0	8	501	465
855	35	472	4	460	16	430	3	486	0	0	9	500	467
856	35	471	3	459	17	429	3	486	0	0	10	502	466
857	35	470	4	459	17	429	2	486	0	0	9	503	467
858	36	470	5	460	17	428	3	487	0	0	9	505	469
859	37	471	4	461	17	427	2	489	0	0	9	504	469
860	38	471	4	461	18	428	1	491	0	0	10	505	468
861	37	472	4	460	18	429	2	491	0	0	11	504	468
862	37	473	4	462	17	431	2	490	0	0	10	504	469
863	38	472	3	464	18	431	1	491	0	0	11	504	470
864	39	474	3	463	17	432	2	492	0	0	12	503	471
865	39	473	3	462	17	431	3	491	0	0	12	503	473
866	38	472	4	462	17	432	2	492	0	0	11	504	475
867	37	473	4	464	17	432	1	493	0	0	10	506	475
868	38	472	5	463	16	431	1	495	0	0	11	506	477
869	38	471	6	465	17	433	0	496	0	0	11	508	477
870	37	471	7	467	16	435	0	497	0	0	12	507	479
871	36	473	8	469	15	435	0	499	0	0	11	508	478
872	36	473	7	471	14	437	1	499	0	0	11	507	479
873	36	473	7	471	15	436	1	500	0	0	10	506	480
874	35	475	7	473	16	436	2	500	0	0	9	508	482
875	35	476	8	475	16	437	1	501	0	0	10	507	481
876	36	478	9	474	17	438	2	500	0	0	9	508	482
877	35	479	8	474	17	438	3	500	0	0	8	507	483
878	34	481	8	476	18	438	3	500	0	0	9	506	484
879	33	480	9	477	19	440	2	502	0	0	8	507	486
880	34	480	10	476	20	440	3	503	0	0	8	507	488
881	34	480	10	476	21	439	4	505	0	0	9	508	487
882	33	481	10	476	21	439	5	505	0	0	9	509	489
883	34	482	10	478	22	438	6	507	0	0	8	508	489
884	35	483	10	478	21	437	7	506	0	0	9	508	491
885	35	485	9	477	20	438	6	508	0	0	10	508	490
886	34	487	9	476	20	437	7	510	0	0	11	508	491
887	35	488	8	477	20	436	7	512	0	0	10	509	492
888	36	489	7	476	19	438	8	513	0	0	11	509	494
889	36	488	6	478	19	438	8	515	0	0	10	511	493
890	35	489	5	480	20	437	7	514	0	0	11	510	492
891	34	489	5	479	20	439	8	516	0	0	10	510	492
892	33	489	4	479	21	440	8	517	0	0	9	509	494
893	33	490	5	479	22	440	7	518	0	0	8	510	495
894	34	490	6	478	21	440	7	519	0	0	7	510	497
895	33	490	6	480	21	441	6	518	0	0	6	511	496
896	33	491	7	482	21	443	7	519	0	0	6	512	496
897	34	493	6	484	20	444	8	520	0	0	5	513	496
898	34	495	5	485	19	443	9	519	0	0	5	515	496
899	34	495	5	485	18	443	8	521	0	0	6	517	497
900	33	495	4	486	17	444	7	520	0	0	6	519	497
901	34	494	5	487	16	444	6	522	0	0	5	519	498
902	33	493	6	489	16	443	6	521	0	0	6	521	499
903	34	494	7	489	16	442	7	521	0	0	6	521	500
904	35	494	8	488	15	441	7	523	0	0	6	523	499
905	34	495	7	488	16	441	8	523	0	0	7	522	500
906	34	494	6	488	15	443	9	522	0	0	6	524	502
907	33	494	6	489	15	444	8	521	0	0	6	523	502
908	33	495	7	489	14	443	9	521	0	0	7	525	504
909	33	496	8	489	13	445	8	521	0	0	7	526	504
910	32	496	9	490	13	445	7	521	0	0	7	526	506
911	31	496	8	492	12	445	6	522	0	0	7	527	507
912	32	497	9	494	13	445	6	524	0	0	6	529	508
913	32	497	9	495	13	446	7	524	0	0	6	530	510
914	31	496	9	495	14	445	8	525	0	0	6	532	511
915	30	495	9	496	15	447	7	524	0	0	6	531	512
916	29	497	8	496	16	447	6	523	0	0	6	533	512
917	30	499	8	495	16	446	6	522	0	0	7	532	514
918	30	499	7	496	17	447	7	524	0	0	8	531	514
919	30	499	8	497	18	448	6	524	0	0	7	533	513
920	30	501	8	496	19	449	7	526	0	0	8	535	514
921	31	500	9	496	20	451	8	527	0	0	9	537	514
922	30	500	8	495	21	451	7	526	0	0	9	539	514
923	29	501	8	494	20	450	8	527	0	0	8	540	516
924	28	503	7	494	21	452	9	527	0	0	9	540	515
925	28	505	8	496	20	451	8	528	0	0	9	542	515
926	28	506	8	496	20	452	7	528	0	0	8	541	514
927	29	507	9	495	20	451	6	527	0	0	7	543	514
928	30	509	8	494	20	451	6	528	0	0	8	543	514
929	31	511	9	493	21	450	7	530	0	0	7	544	513
930	30	510	10	494	21	450	7	530	0	0	8	546	513
931	30	510	10	495	20	450	8	530	0	0	9	548	512
932	29	511	9	495	19	449	7	532	0	0	9	549	511
933	30	511	8	495	20	451	8	532	0	0	10	549	512
934	31	510	8	496	19	450	7	533	0	0	10	549	514
935	32	510	8	498	20	451	7	535	0	0	11	548	515
936	32	512	7	500	20	453	7	537	0	0	12	548	514
937	32	514	8	501	20	454	8	536	0	0	12	549	514
938	31	515	8	503	20	455	9	538	0	0	11	549	513
939	30	517	7	504	20	456	8	538	0	0	12	549	513
940	31	518	8	505	19	456	7	539	0	0	11	551	514
941	31	518	8	506	20	455	7	540	0	0	12	550	516
942	32	518	7	507	20	456	8	539	0	0	12	551	515
943	31	519	6	506	21	457	7	541	0	0	11	550	516
944	32	521	7	506	20	458	7	542	0	0	11	550	517
945	31	520	6	507	20	457	8	543	0	0	10	549	518
946	31	521	7	507	21	457	7	544	0	0	10	548	517
947	31	521	8	506	22	456	8	544	0	0	10	548	518
948	30	523	9	508	23	456	8	545	0	0	11	549	518
949	30	525	8	510	22	458	7	544	0	0	10	548	520
950	31	524	7	509	22	460	8	543	0	0	11	549	520
951	31	524	8	511	21	461	8	543	0	0	12	551	520
952	30	524	7	511	21	462	8	543	0	0	11	552	519
953	30	524	7	511	21	462	7	544	0	0	11	552	519
954	31	524	7	513	21	462	8	545	0	0	12	554	519
955	32	525	8	514	20	463	8	545	0	0	11	553	519
956	32	524	7	516	20	462	7	544	0	0	10	554	519
957	31	524	7	518	21	461	6	546	0	0	11	553	520
958	30	525	7	519	21	462	5	545	0	0	10	552	522
959	30	526	8	518	21	463	4	545	0	0	9	554	524
960	29	525	9	518	22	462	5	545	0	0	9	555	523
961	30	524	8	517	22	463	4	544	0	0	8	557	523
962	31	524	7	517	22	464	5	544	0	0	9	557	524
963	32	526	6	516	22	463	4	546	0	0	10	558	526
964	33	528	7	516	21	463	5	547	0	0	10	560	528
965	33	529	7	517	22	464	6	549	0	0	11	561	529
966	33	529	7	519	23	463	7	548	0	0	10	563	529
967	32	529	6	519	23	463	8	550	0	0	11	564	531
968	31	531	6	521	24	465	8	551	0	0	10	563	533
969	32	531	7	521	24	467	8	550	0	0	11	563	534
970	32	533	6	520	24	469	7	550	0	0	12	562	536
971	31	534	5	519	25	470	6	552	0	0	12	564	538
972	30	536	4	520	24	469	7	551	0	0	11	565	540
973	30	536	3	519	25	469	8	550	0	0	11	566	542
974	29	538	3	518	26	470	9	551	0	0	11	565	541
975	30	540	3	517	26	471	9	553	0	0	10	566	542
976	30	539	2	517	26	472	10	554	0	0	11	567	541
977	31	539	1	518	25	471	9	553	0	0	10	568	543
978	31	540	2	518	25	470	10	552	0	0	11	569	545
979	32	540	1	518	25	470	11	552	0	0	12	569	545
980	31	541	2	519	25	469	12	553	0	0	13	569	545
981	30	542	1	518	25	471	12	552	0	0	13	569	545
982	31	543	1	519	26	471	13	553	0	0	13	569	544
983	31	543	1	520	25	473	13	553	0	0	13	571	546
984	30	544	0	519	24	473	12	553	0	0	12	570	545
985	30	544	0	521	23	473	11	554	0	0	13	569	545
986	31	545	1	523	24	472	10	554	0	0	14	568	546
987	30	547	0	525	23	474	10	555	0	0	14	567	546
988	30	546	0	525	24	475	9	556	0	0	15	567	546
989	31	547	0	525	25	476	8	558	0	0	15	566	545
990	32	547	0	525	25	477	7	557	0	0	16	566	545
991	33	547	1	525	25	477	6	556	0	0	17	567	545
992	34	547	2	526	24	478	5	555	0	0	17	567	547
993	35	547	3	527	23	478	6	555	0	0	16	568	548
994	34	548	3	526	23	480	5	557	0	0	15	567	547
995	35	548	2	528	24	481	5	556	0	0	14	567	548
996	35	550	3	530	23	480	6	556	0	0	14	569	547
997	36	550	4	531	24	481	6	555	0	0	13	569	548
998	35	552	5	530	24	481	6	556	0	0	13	570	550
999	36	553	4	530	23	481	7	558	0	0	12	570	550
1000	35	554	3	532	22	481	7	558	0	0	12	570	552
1001	34	554	2	533	23	483	8	558	0	0	11	571	554
1002	34	553	3	533	22	485	7	558	0	0	12	571	553
1003	33	553	3	535	21	484	8	560	0	0	13	571	553
1004	33	555	4	537	20	483	8	560	0	0	12	572	552
1005	32	557	4	539	19	485	8	561	0	0	12	572	553
1006	31	559	5	539	18	485	9	562	0	0	13	572	552
1007	31	559	4	539	19	487	8	562	0	0	13	573	553
1008	30	558	3	540	20	486	7	562	0	0	13	575	552
1009	30	560	3	542	20	485	6	561	0	0	13	577	552
1010	31	562	3	542	20	486	6	562	0	0	13	576	554
1011	31	562	3	542	20	488	7	563	0	0	14	577	556
1012	32	564	2	544	21	489	6	562	0	0	14	577	556
1013	31	565	1	546	20	489	6	564	0	0	14	576	555
1014	30	566	1	547	20	491	7	563	0	0	13	577	557
1015	29	566	0	547	21	492	8	563	0	0	14	577	559
1016	30	567	1	546	20	494	7	563	0	0	14	578	560
1017	31	566	1	545	19	493	8	565	0	0	15	577	560
1018	30	568	1	545	18	495	7	565	0	0	14	577	561
1019	29	568	0	545	19	497	7	565	0	0	15	576	563
1020	29	570	1	545	18	497	8	565	0	0	16	575	563
1021	30	571	2	546	19	497	9	566	0	0	15	576	564
1022	29	572	2	548	19	496	9	567	0	0	16	577	564
1023	28	572	1	548	18	496	9	568	0	0	17	579	563
1024	27	571	0	548	17	495	10	567	0	0	18	581	563
1025	28	573	1	548	18	497	9	569	0	0	18	581	565
1026	29	574	0	550	17	496	9	570	0	0	19	580	564
1027	28	576	1	552	16	496	8	571	0	0	18	581	565
1028	28	575	2	552	16	495	9	571	0	0	19	583	565
1029	29	576	1	553	15	496	9	570	0	0	18	584	567
1030	30	576	0	552	15	498	9	571	0	0	18	584	566
1031	31	578	1	553	16	497	8	572	0	0	17	583	565
1032	32	578	0	554	15	498	9	572	0	0	18	583	567
1033	32	580	1	553	15	497	8	574	0	0	17	582	569
1034	31	581	2	553	16	496	7	574	0	0	17	584	571
1035	32	583	2	553	17	497	6	575	0	0	17	584	572
1036	32	583	3	554	18	497	7	577	0	0	18	584	573
1037	32	582	4	554	17	497	8	577	0	0	19	586	574
1038	32	581	5	556	17	497	9	579	0	0	20	586	576
1039	32	582	6	558	17	496	9	579	0	0	21	588	575
1040	31	584	6	558	16	496	9	581	0	0	20	589	577
1041	30	585	6	559	16	495	9	581	0	0	21	591	579
1042	31	585	5	560	15	495	8	581	0	0	20	591	579
1043	30	585	4	560	15	495	9	582	0	0	20	593	581
1044	30	586	4	561	16	496	8	582	0	0	21	595	580
1045	30	586	3	563	16	498	9	584	0	0	20	594	581
1046	30	587	4	562	15	498	8	583	0	0	19	596	582
1047	31	588	3	563	16	498	9	582	0	0	18	598	582
1048	31	590	3	564	17	500	10	583	0	0	17	599	582
1049	30	592	2	564	17	502	11	585	0	0	17	598	581
1050	30	592	3	566	17	504	12	586	0	0	17	598	583
1051	29	594	4	566	18	504	11	588	0	0	16	599	583
1052	30	594	3	566	17	506	10	587	0	0	16	600	585
1053	29	593	4	568	16	506	10	588	0	0	17	601	585
1054	28	592	5	569	17	505	10	589	0	0	16	600	584
1055	29	591	5	569	18	504	9	589	0	0	16	602	584
1056	29	592	6	571	17	503	9	588	0	0	16	603	586
1057	28	594	6	573	18	504	9	590	0	0	15	602	587
1058	28	595	5	573	19	505	9	590	0	0	16	602	587
1059	29	595	6	575	18	504	8	592	0	0	15	601	589
1060	29	595	5	577	18	504	7	593	0	0	14	601	588
1061	30	594	5	577	18	505	7	592	0	0	14	602	587
1062	30	593	4	577	17	506	8	593	0	0	15	602	588
1063	29	593	4	579	18	508	8	594	0	0	14	604	588
1064	30	593	3	581	18	507	9	595	0	0	15	603	588
1065	31	594	3	580	17	508	10	597	0	0	16	602	590
1066	32	596	3	582	17	507	11	596	0	0	17	604	590
1067	33	596	2	582	18	507	11	598	0	0	16	603	589
1068	34	595	2	582	17	509	12	600	0	0	15	605	588
1069	34	595	1	583	17	509	12	599	0	0	14	604	589
1070	33	597	2	585	16	509	12	601	0	0	13	605	589
1071	34	599	1	586	15	509	11	600	0	0	13	607	590
1072	34	598	2	587	14	510	11	602	0	0	13	609	592
1073	33	599	1	588	15	510	11	601	0	0	12	610	594
1074	33	598	0	590	14	512	10	602	0	0	11	610	593
1075	34	599	0	591	13	511	9	601	0	0	10	611	593
1076	34	598	1	593	12	512	9	603	0	0	10	613	595
1077	34	598	2	592	13	512	10	602	0	0	9	612	594
1078	33	597	3	592	13	511	10	603	0	0	8	614	594
1079	34	596	4	591	14	512	11	602	0	0	7	614	596
1080	35	595	5	590	14	512	12	601	0	0	7	613	595
1081	34	597	4	592	14	511	13	600	0	0	6	613	596
1082	34	598	3	593	13	513	13	599	0	0	7	612	598
1083	33	599	2	595	14	515	12	598	0	0	8	612	599
1084	32	598	1	594	15	517	13	598	0	0	7	611	601
1085	33	600	2	594	16	516	12	600	0	0	8	611	601
1086	34	601	3	594	17	518	13	602	0	0	7	611	602
1087	35	602	3	593	18	519	14	604	0	0	7	613	604
1088	34	604	3	594	18	520	15	603	0	0	8	613	604
1089	34	603	2	594	18	522	15	604	0	0	7	614	604
1090	33	604	1	595	18	524	14	605	0	0	8	613	605
1091	33	604	1	595	17	526	13	606	0	0	8	615	607
1092	34	604	0	594	17	525	13	608	0	0	8	614	607
1093	35	606	1	594	18	524	12	610	0	0	7	613	608
1094	36	606	0	593	18	525	13	610	0	0	6	612	610
1095	36	605	0	595	18	525	12	611	0	0	6	611	609
1096	37	607	1	597	18	524	11	613	0	0	6	613	608
1097	36	609	1	598	18	525	11	613	0	0	7	612	607
1098	37	611	0	599	18	526	11	614	0	0	8	613	609
1099	37	613	1	601	19	525	12	615	0	0	7	612	610
1100	38	614	0	600	19	527	11	617	0	0	6	611	612
1101	37	616	0	599	19	529	11	618	0	0	7	610	613
1102	37	617	1	599	18	529	12	617	0	0	8	610	612
1103	38	616	0	600	19	529	11	618	0	0	8	610	614
1104	37	615	1	599	18	529	10	617	0	0	8	612	614
1105	38	614	0	598	17	528	11	618	0	0	9	612	616
1106	37	614	1	598	16	527	10	617	0	0	10	612	617
1107	38	616	0	598	15	529	9	617	0	0	11	612	616
1108	37	617	0	599	14	531	9	618	0	0	11	613	615
1109	37	619	1	599	13	533	8	617	0	0	10	614	614
1110	38	618	0	600	14	534	7	616	0	0	11	614	615
1111	37	617	0	600	13	533	8	615	0	0	10	614	615
1112	38	617	1	599	14	532	8	614	0	0	11	615	614
1113	39	616	0	599	14	534	7	616	0	0	11	614	616
1114	38	617	1	599	15	533	7	617	0	0	11	615	617
1115	37	617	1	599	16	533	7	617	0	0	11	617	617
1116	37	619	1	599	16	533	6	618	0	0	10	617	616
1117	38	621	1	601	15	532	6	617	0	0	11	618	615
1118	38	621	0	600	15	533	6	616	0	0	10	617	616
1119	37	620	1	602	16	533	6	617	0	0	9	618	618
1120	37	622	1	603	15	534	5	617	0	0	9	619	619
1121	36	623	2	602	14	533	4	617	0	0	8	619	618
1122	36	625	1	604	15	532	4	618	0	0	7	621	619
1123	37	624	2	604	14	534	4	617	0	0	6	622	618
1124	37	623	1	604	14	536	5	616	0	0	6	622	619
1125	37	623	2	604	13	536	5	618	0	0	5	622	621
1126	37	623	2	603	14	535	6	620	0	0	4	623	623
1127	38	625	2	603	14	534	7	621	0	0	3	623	625
1128	37	624	3	604	14	535	8	620	0	0	3	625	627
1129	38	625	4	603	13	536	9	621	0	0	2	625	626
1130	39	625	3	602	12	537	10	621	0	0	2	627	626
1131	40	627	3	604	12	537	11	622	0	0	2	628	628
1132	39	628	2	605	11	539	11	624	0	0	1	628	627
1133	38	628	3	604	10	539	11	623	0	0	0	629	628
1134	37	630	4	605	10	540	12	625	0	0	1	628	628
1135	36	631	3	607	11	542	13	626	0	0	1	630	630
1136	36	630	3	606	12	543	12	628	0	0	1	631	631
1137	36	631	3	606	13	545	12	630	0	0	1	633	633
1138	37	631	4	607	13	547	11	629	0	0	2	635	633
1139	38	630	4	608	14	549	11	631	0	0	3	637	634
1140	38	630	5	607	15	549	12	630	0	0	2	637	636
1141	38	631	5	608	14	549	13	629	0	0	3	636	638
1142	38	633	4	609	15	551	12	631	0	0	2	638	638
1143	39	633	3	610	15	550	11	633	0	0	3	638	639
1144	39	635	3	612	14	551	10	634	0	0	2	639	638
1145	38	636	2	613	13	553	11	636	0	0	3	640	639
1146	38	637	2	613	12	554	12	636	0	0	4	639	640
1147	37	636	2	613	11	554	12	638	0	0	5	640	641
1148	36	637	3	614	10	553	12	638	0	0	6	641	641
1149	37	637	3	615	10	554	13	639	0	0	6	640	642
1150	38	639	4	615	10	555	12	641	0	0	7	642	644
1151	39	638	5	614	9	555	13	640	0	0	8	643	643
1152	39	640	4	613	10	556	12	642	0	0	9	644	643
1153	38	639	5	613	9	557	12	641	0	0	8	643	645
1154	37	639	4	615	10	559	12	642	0	0	7	645	644
1155	36	640	3	615	10	561	13	644	0	0	6	645	645
1156	37	642	4	617	11	561	14	643	0	0	5	646	644
1157	36	644	5	619	10	561	13	644	0	0	6	645	646
1158	36	646	5	619	10	561	12	644	0	0	6	645	647
1159	36	648	6	621	10	563	11	646	0	0	7	645	649
1160	35	648	7	620	11	562	12	645	0	0	8	646	650
1161	34	648	6	620	10	564	13	646	0	0	8	648	650
1162	35	649	6	622	9	564	13	646	0	0	9	649	652
1163	34	649	7	622	8	565	13	645	0	0	8	650	651
1164	35	651	6	624	8	565	14	647	0	0	8	649	651
1165	36	653	7	626	9	567	14	649	0	0	9	651	653
1166	36	654	8	625	10	566	15	649	0	0	9	653	655
1167	37	655	7	624	11	566	16	650	0	0	8	654	654
1168	37	656	7	623	11	565	15	649	0	0	8	656	654
1169	37	655	6	624	11	566	15	648	0	0	7	655	655
1170	37	655	6	624	10	568	15	650	0	0	8	654	654
1171	36	657	5	623	10	567	15	650	0	0	9	654	655
1172	36	656	6	625	11	567	16	651	0	0	9	655	656
1173	35	655	7	624	11	566	16	651	0	0	9	657	657
1174	34	654	8	625	11	567	16	653	0	0	8	659	658
1175	35	653	8	625	11	569	15	653	0	0	7	661	658
1176	35	655	9	626	11	570	15	654	0	0	6	660	657
1177	34	654	8	627	11	572	14	654	0	0	7	659	657
1178	33	653	9	626	11	574	13	655	0	0	6	659	659
1179	32	654	9	627	12	574	13	656	0	0	6	658	658
1180	31	654	10	628	13	575	14	655	0	0	6	657	658
1181	32	655	10	630	14	575	13	657	0	0	7	657	659
1182	31	655	11	629	14	577	14	656	0	0	6	656	659
1183	30	654	10	631	15	579	15	657	0	0	6	655	659
1184	30	655	10	630	14	579	14	657	0	0	5	654	660
1185	29	657	10	632	13	580	14	656	0	0	5	655	662
1186	28	657	10	632	12	582	15	657	0	0	4	657	662
1187	28	657	9	634	13	583	16	656	0	0	5	656	662
1188	29	656	10	633	14	582	15	656	0	0	6	656	662
1189	29	658	9	635	14	581	14	656	0	0	6	655	662
1190	29	657	8	637	14	581	13	657	0	0	7	654	663
1191	29	657	7	639	15	581	13	657	0	0	7	655	662
1192	29	658	8	640	14	581	14	657	0	0	6	656	664
1193	29	657	8	642	15	580	15	658	0	0	5	656	663
1194	28	657	7	643	14	580	15	659	0	0	5	655	664
1195	29	659	6	642	15	579	16	660	0	0	4	655	664
1196	29	660	6	641	15	580	17	661	0	0	3	656	666
1197	28	662	7	642	14	580	18	660	0	0	3	656	666
1198	29	663	6	641	14	581	18	662	0	0	3	657	665
1199	28	664	6	642	15	580	19	662	0	0	3	657	665
1200	29	663	6	641	16	582	18	663	0	0	2	657	667
1201	28	664	5	641	15	583	18	665	0	0	3	657	667
1202	29	663	6	640	15	583	18	665	0	0	2	657	667
1203	30	664	6	640	15	582	17	667	0	0	3	656	666
1204	29	663	7	642	16	581	18	668	0	0	4	658	666
1205	29	663	6	642	15	581	17	669	0	0	3	660	665
1206	30	662	6	644	14	581	18	671	0	0	3	662	664
1207	30	663	6	646	15	580	17	672	0	0	2	662	663
1208	30	665	6	645	14	581	17	671	0	0	3	663	665
1209	31	666	5	647	13	582	16	670	0	0	3	664	667
1210	31	665	5	647	14	584	15	672	0	0	3	663	668
1211	32	666	6	646	15	584	14	674	0	0	4	662	668
1212	31	666	5	646	14	584	14	673	0	0	4	662	670
1213	32	667	6	647	15	586	13	673	0	0	4	661	672
1214	31	669	5	646	14	588	13	672	0	0	3	663	673
1215	31	671	6	645	14	590	12	672	0	0	3	665	672
1216	30	670	6	645	15	592	11	671	0	0	2	666	672
1217	29	672	6	645	14	591	12	670	0	0	3	668	674
1218	28	672	7	644	15	590	11	672	0	0	4	670	673
1219	28	673	8	643	15	590	11	673	0	0	5	669	672
1220	29	673	7	645	14	592	10	672	0	0	6	668	671
1221	28	674	8	646	13	591	11	674	0	0	7	668	670
1222	29	675	8	646	14	591	12	675	0	0	8	668	670
1223	30	676	8	645	13	591	12	676	0	0	8	667	671
1224	30	676	9	647	12	593	11	675	0	0	8	667	670
1225	31	676	10	648	12	593	12	674	0	0	7	668	670
1226	32	675	10	649	13	594	13	676	0	0	6	670	672
1227	32	674	10	651	12	596	14	676	0	0	5	671	672
1228	33	676	10	653	12	595	14	678	0	0	4	671	671
1229	33	676	11	654	12	595	14	679	0	0	4	670	672
1230	33	675	12	653	11	595	14	679	0	0	5	670	674
1231	34	677	12	655	12	597	13	680	0	0	6	672	675
1232	33	678	12	656	11	596	14	681	0	0	6	671	676
1233	33	677	12	655	12	597	14	682	0	0	6	670	677
1234	33	678	12	656	12	599	13	681	0	0	7	671	679
1235	34	677	12	656	12	598	13	681	0	0	8	670	679
1236	35	678	13	655	12	597	14	680	0	0	8	669	679
1237	35	677	12	656	12	598	13	681	0	0	7	671	680
1238	35	679	13	657	13	599	12	681	0	0	8	670	682
1239	34	681	14	657	12	600	11	682	0	0	8	671	683
1240	33	682	14	656	13	602	11	683	0	0	7	672	682
1241	33	684	14	655	12	603	12	684	0	0	6	671	683
1242	32	686	15	655	11	604	12	685	0	0	6	672	682
1243	32	687	14	656	10	606	12	685	0	0	6	674	684
1244	33	686	15	656	10	607	13	686	0	0	7	675	684
1245	34	687	15	657	11	609	12	686	0	0	8	674	683
1246	35	686	15	657	12	611	13	687	0	0	9	673	683
1247	34	688	15	657	13	611	14	688	0	0	9	673	684
1248	35	687	15	659	14	611	13	690	0	0	8	673	684
1249	35	688	16	658	13	610	12	690	0	0	9	674	683
1250	35	688	17	660	13	611	11	691	0	0	9	675	684
1251	35	689	18	659	13	612	10	693	0	0	10	675	684
1252	36	688	19	660	14	613	9	695	0	0	10	674	684
1253	37	689	18	662	15	612	10	695	0	0	9	675	683
1254	38	688	17	663	16	613	10	694	0	0	9	676	685
1255	37	687	16	663	17	615	11	695	0	0	10	675	686
1256	36	688	16	663	18	617	12	697	0	0	11	677	688
1257	36	687	16	663	18	618	13	697	0	0	10	678	688
1258	35	687	16	663	17	617	12	696	0	0	10	678	687
1259	35	687	16	663	17	617	12	695	0	0	9	679	686
1260	35	687	16	662	18	618	13	695	0	0	9	680	686
1261	36	687	15	662	18	619	13	694	0	0	9	679	685
1262	36	689	16	663	19	619	14	695	0	0	9	681	684
1263	36	691	17	664	18	619	13	697	0	0	9	683	686
1264	37	692	16	663	18	620	13	699	0	0	10	684	685
1265	36	692	16	664	18	622	13	698	0	0	9	686	687
1266	36	691	16	664	19	621	14	697	0	0	9	685	689
1267	37	690	16	664	18	622	14	696	0	0	9	685	691
1268	36	689	15	665	19	622	14	695	0	0	9	687	693
1269	37	690	14	667	20	623	15	696	0	0	10	687	694
1270	37	692	14	669	20	624	14	696	0	0	10	687	694
1271	37	691	14	668	19	624	13	696	0	0	11	688	696
1272	38	690	13	669	18	625	12	695	0	0	12	687	696
1273	37	691	12	670	18	627	12	694	0	0	12	689	698
1274	36	693	13	672	18	628	13	695	0	0	11	691	700
1275	36	692	13	671	17	630	14	695	0	0	12	693	700
1276	37	692	14	670	17	632	13	694	0	0	12	694	699
1277	36	694	14	670	18	632	12	695	0	0	13	693	701
1278	35	695	14	669	17	632	11	696	0	0	13	694	702
1279	36	694	15	668	16	634	11	695	0	0	12	696	704
1280	35	693	15	667	16	636	11	697	0	0	13	695	705
1281	35	693	15	667	16	636	12	698	0	0	13	694	706
1282	36	694	15	667	15	638	13	699	0	0	12	694	708
1283	36	693	14	666	15	639	12	698	0	0	13	696	707
1284	36	695	14	667	15	639	13	700	0	0	13	696	706
1285	36	694	15	667	14	640	12	699	0	0	12	697	707
1286	35	695	16	666	13	641	11	700	0	0	11	697	706
1287	34	697	16	668	14	641	10	700	0	0	11	699	708
1288	35	698	16	668	15	641	9	700	0	0	10	701	707
1289	34	697	15	668	14	643	8	700	0	0	11	703	707
1290	33	699	15	667	13	642	8	701	0	0	10	702	709
1291	32	701	14	666	13	644	7	701	0	0	10	702	711
1292	31	701	13	668	12	646	7	703	0	0	9	701	713
1293	31	700	12	669	11	648	6	702	0	0	8	702	715
1294	30	700	11	670	12	648	6	704	0	0	7	704	717
1295	29	702	12	669	12	648	6	706	0	0	8	703	718
1296	29	701	12	670	13	647	5	708	0	0	7	702	718
1297	30	701	13	669	14	649	4	708	0	0	7	701	719
1298	29	700	13	668	14	649	5	709	0	0	6	702	719
1299	28	702	12	668	13	648	6	711	0	0	6	703	720
1300	28	703	13	667	14	647	7	711	0	0	7	703	721
1301	28	705	12	669	13	648	7	712	0	0	8	704	722
1302	27	706	12	671	14	647	7	713	0	0	9	704	724
1303	27	707	11	673	13	648	7	713	0	0	10	704	723
1304	26	708	11	675	14	650	7	714	0	0	9	706	724
1305	27	707	12	676	15	652	8	714	0	0	9	706	725
1306	27	707	13	675	14	653	8	713	0	0	8	707	726
1307	26	708	12	674	13	654	9	712	0	0	9	709	726
1308	25	709	11	674	14	653	10	711	0	0	10	708	725
1309	26	710	10	674	15	653	11	711	0	0	9	708	727
1310	25	710	9	673	16	653	12	713	0	0	9	707	727
1311	25	711	9	673	15	654	11	715	0	0	10	709	728
1312	25	713	8	673	14	655	10	714	0	0	11	711	727
1313	25	712	8	672	15	656	11	715	0	0	12	710	726
1314	24	714	9	674	15	655	12	717	0	0	13	711	727
1315	24	713	9	673	14	655	11	719	0	0	12	712	728
1316	24	712	10	672	15	656	12	720	0	0	12	711	728
1317	23	714	9	674	14	657	11	722	0	0	11	712	727
1318	22	713	9	673	14	657	10	722	0	0	12	712	728
1319	23	713	8	675	13	659	9	723	0	0	12	711	728
1320	23	714	9	676	12	658	10	722	0	0	12	710	727
1321	24	714	9	675	13	657	11	721	0	0	13	710	729
1322	23	714	9	674	14	657	12	720	0	0	14	712	730
1323	24	714	9	675	15	659	11	720	0	0	13	711	731
1324	24	714	10	675	14	661	11	722	0	0	13	713	731
1325	25	716	9	677	13	663	10	721	0	0	13	713	733
1326	25	716	10	677	12	664	9	723	0	0	13	712	733
1327	26	717	9	678	13	665	9	724	0	0	13	714	732
1328	25	717	9	677	13	667	10	726	0	0	14	714	733
1329	24	718	8	679	12	668	9	726	0	0	13	714	735
1330	24	717	9	680	13	669	10	725	0	0	14	713	735
1331	25	719	8	682	14	668	10	727	0	0	13	714	736
1332	26	721	9	683	13	667	10	727	0	0	14	714	736
1333	25	720	8	683	14	668	11	729	0	0	13	714	737
1334	26	719	7	685	13	668	10	728	0	0	12	713	736
1335	26	718	6	684	13	670	9	728	0	0	12	713	737
1336	25	717	7	683	13	672	9	730	0	0	13	714	736
1337	24	717	8	685	13	674	9	730	0	0	13	715	738
1338	24	718	7	685	12	674	10	730	0	0	14	717	740
1339	24	720	8	686	11	674	11	731	0	0	14	719	739
1340	25	720	8	688	11	675	11	730	0	0	13	720	739
1341	26	720	7	689	12	677	12	730	0	0	13	719	739
1342	27	721	6	688	12	677	12	729	0	0	12	721	741
1343	27	723	5	689	12	677	12	729	0	0	12	723	742
1344	28	723	5	691	11	678	12	731	0	0	11	725	741
1345	28	724	4	693	11	680	11	730	0	0	12	724	742
1346	29	726	3	694	12	681	12	730	0	0	11	725	744
1347	30	727	4	695	13	683	12	730	0	0	11	726	743
1348	31	726	5	694	14	683	13	731	0	0	12	728	743
1349	32	725	6	695	13	683	14	730	0	0	13	730	744
1350	33	726	6	695	14	684	13	732	0	0	13	730	745
1351	33	727	6	694	14	683	12	731	0	0	12	731	745
1352	32	728	5	695	14	685	11	732	0	0	12	733	745
1353	33	729	4	694	15	685	10	731	0	0	12	732	746
1354	32	731	5	696	16	686	11	732	0	0	12	733	746
1355	32	730	6	696	15	687	11	734	0	0	11	735	745
1356	33	731	5	696	14	688	10	735	0	0	11	737	746
1357	33	730	6	695	13	689	11	735	0	0	11	739	746
1358	34	729	5	695	14	688	11	735	0	0	10	741	748
1359	33	729	4	694	15	690	11	734	0	0	9	741	747
1360	33	729	4	693	15	689	10	734	0	0	10	740	747
1361	32	730	4	695	16	689	10	734	0	0	10	739	749
1362	31	729	3	695	17	691	11	733	0	0	9	739	748
1363	31	728	2	697	18	693	12	734	0	0	9	741	748
1364	32	727	3	696	18	692	11	736	0	0	9	743	747
1365	32	727	2	698	18	691	10	735	0	0	9	743	747
1366	32	728	2	698	17	690	10	736	0	0	10	742	747
1367	32	730	1	700	16	689	10	736	0	0	9	744	747
1368	32	730	1	702	16	689	11	735	0	0	10	746	748
1369	32	729	2	701	17	688	10	735	0	0	10	747	749
1370	33	731	2	701	17	687	10	734	0	0	9	747	749
1371	34	733	3	702	16	686	10	736	0	0	8	747	751
1372	33	734	2	704	16	687	9	737	0	0	9	748	750
1373	33	733	3	705	17	688	9	738	0	0	10	749	751
1374	33	732	3	704	16	690	8	738	0	0	10	749	750
1375	33	732	2	706	17	692	8	740	0	0	11	751	750
1376	33	734	1	706	16	692	7	739	0	0	11	750	751
1377	33	733	1	707	17	691	7	740	0	0	10	752	752
1378	33	732	1	709	18	692	6	742	0	0	9	751	751
1379	32	732	0	709	18	693	7	741	0	0	8	751	750
1380	33	734	1	710	18	694	6	740	0	0	9	751	751
1381	33	735	2	710	18	693	6	741	0	0	8	752	752
1382	34	734	1	712	17	692	6	740	0	0	7	754	752
1383	33	734	1	712	18	691	5	742	0	0	6	754	754
1384	34	734	2	711	19	691	5	741	0	0	6	756	756
1385	35	734	3	711	20	691	6	741	0	0	6	757	758
1386	36	734	3	710	20	690	6	742	0	0	7	758	760
1387	36	734	2	709	19	690	7	744	0	0	7	758	760
1388	37	734	3	709	20	690	8	743	0	0	7	760	759
1389	38	734	4	710	19	691	9	743	0	0	6	761	761
1390	38	733	4	710	19	693	9	743	0	0	6	763	760
1391	37	733	4	712	18	694	8	742	0	0	5	762	759
1392	38	733	3	713	18	696	9	742	0	0	5	763	758
1393	39	735	2	714	18	695	9	742	0	0	6	764	759
1394	38	735	2	714	17	694	8	744	0	0	6	765	758
1395	37	735	1	716	16	694	8	745	0	0	5	764	759
1396	38	734	1	717	15	693	9	744	0	0	6	763	758
1397	37	733	0	716	14	695	9	743	0	0	7	763	760
1398	36	732	1	718	15	696	8	744	0	0	8	765	761
1399	37	734	2	720	14	698	9	743	0	0	9	766	761
1400	37	735	1	719	15	700	10	745	0	0	9	768	761
1401	37	734	2	721	15	702	10	745	0	0	9	767	761
1402	37	734	2	723	16	703	9	747	0	0	10	766	761
1403	38	735	3	722	15	702	10	747	0	0	9	765	763
1404	38	735	4	723	15	701	11	746	0	0	10	765	765
1405	37	735	5	724	14	703	11	748	0	0	11	765	764
1406	36	736	6	726	13	702	12	749	0	0	11	767	764
1407	36	736	5	727	13	704	12	751	0	0	12	768	765
1408	36	735	6	728	13	706	12	753	0	0	11	769	767
1409	36	734	5	730	12	707	13	754	0	0	11	771	767
1410	37	733	4	732	11	706	13	755	0	0	10	771	768
1411	38	733	3	732	12	707	13	755	0	0	10	771	767
1412	37	735	2	732	11	709	14	754	0	0	9	770	769
1413	38	736	2	732	11	710	13	753	0	0	8	772	769
1414	37	737	1	731	12	711	12	755	0	0	9	774	768
1415	37	737	0	732	13	712	12	754	0	0	10	776	769
1416	37	738	0	733	12	711	13	754	0	0	10	776	771
1417	37	740	1	735	12	712	13	753	0	0	9	778	773
1418	37	741	1	737	12	711	14	755	0	0	9	778	774
1419	36	743	2	738	11	710	13	755	0	0	8	778	774
1420	35	742	3	740	11	712	14	755	0	0	8	777	776
1421	35	744	3	739	11	714	15	755	0	0	8	778	778
1422	36	746	3	739	11	716	14	757	0	0	7	777	780
1423	35	745	2	741	10	717	14	756	0	0	7	778	781
1424	34	745	3	743	9	718	14	756	0	0	8	778	781
1425	33	745	3	744	10	719	14	758	0	0	7	778	781
1426	34	745	2	746	10	720	13	760	0	0	8	780	780
1427	33	746	1	748	10	719	12	762	0	0	7	780	781
1428	32	748	2	747	10	719	13	762	0	0	6	782	780
1429	32	750	3	746	9	721	13	763	0	0	6	782	782
1430	32	751	2	745	9	722	13	764	0	0	6	783	784
1431	32	750	2	746	8	721	12	763	0	0	6	784	786
1432	33	750	1	745	7	720	13	762	0	0	6	784	785
1433	32	749	2	745	7	719	13	764	0	0	7	786	786
1434	31	750	2	747	8	720	14	763	0	0	7	786	787
1435	30	752	1	749	7	722	15	765	0	0	8	787	787
1436	30	754	0	750	7	722	16	765	0	0	7	788	786
1437	29	754	0	750	8	724	15	764	0	0	6	787	788
1438	29	756	1	752	9	725	16	764	0	0	5	786	787
1439	28	755	1	751	8	726	17	766	0	0	5	787	786
